v,H,L,D_outer,D_inner,d
0.5,2,0.75,0.35,0.3,0.33
0.6,2,0.75,0.35,0.3,0.33
0.7,2,0.75,0.35,0.3,0.33
0.8,2,0.75,0.35,0.3,0.33
0.9,2,0.75,0.35,0.3,0.33
1,2,0.75,0.35,0.3,0.33
1.1,2,0.75,0.35,0.3,0.33
1.2,2,0.75,0.35,0.3,0.33
1.3,2,0.75,0.35,0.3,0.33
1.4,2,0.75,0.35,0.3,0.33
1.5,2,0.75,0.35,0.3,0.33
1.6,2,0.75,0.35,0.3,0.33
1.7,2,0.75,0.35,0.3,0.33
1.8,2,0.75,0.35,0.3,0.33
1.9,2,0.75,0.35,0.3,0.33
2,2,0.75,0.35,0.3,0.33
2.1,2,0.75,0.35,0.3,0.33
2.2,2,0.75,0.35,0.3,0.33
2.3,2,0.75,0.35,0.3,0.33
2.4,2,0.75,0.35,0.3,0.33
2.5,2,0.75,0.35,0.3,0.33
2.6,2,0.75,0.35,0.3,0.33
2.7,2,0.75,0.35,0.3,0.33
2.8,2,0.75,0.35,0.3,0.33
2.9,2,0.75,0.35,0.3,0.33
3,2,0.75,0.35,0.3,0.33
3.1,2,0.75,0.35,0.3,0.33
3.2,2,0.75,0.35,0.3,0.33
3.3,2,0.75,0.35,0.3,0.33
3.4,2,0.75,0.35,0.3,0.33
3.5,2,0.75,0.35,0.3,0.33
3.6,2,0.75,0.35,0.3,0.33
3.7,2,0.75,0.35,0.3,0.33
3.8,2,0.75,0.35,0.3,0.33
3.9,2,0.75,0.35,0.3,0.33
4,2,0.75,0.35,0.3,0.33
4.1,2,0.75,0.35,0.3,0.33
4.2,2,0.75,0.35,0.3,0.33
4.3,2,0.75,0.35,0.3,0.33
4.4,2,0.75,0.35,0.3,0.33
4.5,2,0.75,0.35,0.3,0.33
4.6,2,0.75,0.35,0.3,0.33
4.7,2,0.75,0.35,0.3,0.33
4.8,2,0.75,0.35,0.3,0.33
4.9,2,0.75,0.35,0.3,0.33
5,2,0.75,0.35,0.3,0.33
5.1,2,0.75,0.35,0.3,0.33
5.2,2,0.75,0.35,0.3,0.33
5.3,2,0.75,0.35,0.3,0.33
5.4,2,0.75,0.35,0.3,0.33
5.5,2,0.75,0.35,0.3,0.33
5.6,2,0.75,0.35,0.3,0.33
5.7,2,0.75,0.35,0.3,0.33
5.8,2,0.75,0.35,0.3,0.33
5.9,2,0.75,0.35,0.3,0.33
6,2,0.75,0.35,0.3,0.33
6.1,2,0.75,0.35,0.3,0.33
6.2,2,0.75,0.35,0.3,0.33
6.3,2,0.75,0.35,0.3,0.33
6.4,2,0.75,0.35,0.3,0.33
6.5,2,0.75,0.35,0.3,0.33
6.6,2,0.75,0.35,0.3,0.33
6.7,2,0.75,0.35,0.3,0.33
6.8,2,0.75,0.35,0.3,0.33
6.9,2,0.75,0.35,0.3,0.33
7,2,0.75,0.35,0.3,0.33
7.1,2,0.75,0.35,0.3,0.33
7.2,2,0.75,0.35,0.3,0.33
7.3,2,0.75,0.35,0.3,0.33
7.4,2,0.75,0.35,0.3,0.33
7.5,2,0.75,0.35,0.3,0.33
7.6,2,0.75,0.35,0.3,0.33
7.7,2,0.75,0.35,0.3,0.33
7.8,2,0.75,0.35,0.3,0.33
7.9,2,0.75,0.35,0.3,0.33
8,2,0.75,0.35,0.3,0.33
8.1,2,0.75,0.35,0.3,0.33
8.2,2,0.75,0.35,0.3,0.33
8.3,2,0.75,0.35,0.3,0.33
8.4,2,0.75,0.35,0.3,0.33
8.5,2,0.75,0.35,0.3,0.33
8.6,2,0.75,0.35,0.3,0.33
8.7,2,0.75,0.35,0.3,0.33
8.8,2,0.75,0.35,0.3,0.33
8.9,2,0.75,0.35,0.3,0.33
9,2,0.75,0.35,0.3,0.33
9.1,2,0.75,0.35,0.3,0.33
9.2,2,0.75,0.35,0.3,0.33
9.3,2,0.75,0.35,0.3,0.33
9.4,2,0.75,0.35,0.3,0.33
9.5,2,0.75,0.35,0.3,0.33
9.6,2,0.75,0.35,0.3,0.33
9.7,2,0.75,0.35,0.3,0.33
9.8,2,0.75,0.35,0.3,0.33
9.9,2,0.75,0.35,0.3,0.33
10,2,0.75,0.35,0.3,0.33
10.1,2,0.75,0.35,0.3,0.33
10.2,2,0.75,0.35,0.3,0.33
10.3,2,0.75,0.35,0.3,0.33
10.4,2,0.75,0.35,0.3,0.33
10.5,2,0.75,0.35,0.3,0.33
10.6,2,0.75,0.35,0.3,0.33
10.7,2,0.75,0.35,0.3,0.33
10.8,2,0.75,0.35,0.3,0.33
10.9,2,0.75,0.35,0.3,0.33
11,2,0.75,0.35,0.3,0.33
11.1,2,0.75,0.35,0.3,0.33
11.2,2,0.75,0.35,0.3,0.33
11.3,2,0.75,0.35,0.3,0.33
11.4,2,0.75,0.35,0.3,0.33
11.5,2,0.75,0.35,0.3,0.33
11.6,2,0.75,0.35,0.3,0.33
11.7,2,0.75,0.35,0.3,0.33
11.8,2,0.75,0.35,0.3,0.33
11.9,2,0.75,0.35,0.3,0.33
12,2,0.75,0.35,0.3,0.33
12.1,2,0.75,0.35,0.3,0.33
12.2,2,0.75,0.35,0.3,0.33
12.3,2,0.75,0.35,0.3,0.33
12.4,2,0.75,0.35,0.3,0.33
12.5,2,0.75,0.35,0.3,0.33
12.6,2,0.75,0.35,0.3,0.33
12.7,2,0.75,0.35,0.3,0.33
12.8,2,0.75,0.35,0.3,0.33
12.9,2,0.75,0.35,0.3,0.33
13,2,0.75,0.35,0.3,0.33
13.1,2,0.75,0.35,0.3,0.33
13.2,2,0.75,0.35,0.3,0.33
13.3,2,0.75,0.35,0.3,0.33
13.4,2,0.75,0.35,0.3,0.33
13.5,2,0.75,0.35,0.3,0.33
13.6,2,0.75,0.35,0.3,0.33
13.7,2,0.75,0.35,0.3,0.33
13.8,2,0.75,0.35,0.3,0.33
13.9,2,0.75,0.35,0.3,0.33
14,2,0.75,0.35,0.3,0.33
14.1,2,0.75,0.35,0.3,0.33
14.2,2,0.75,0.35,0.3,0.33
14.3,2,0.75,0.35,0.3,0.33
14.4,2,0.75,0.35,0.3,0.33
14.5,2,0.75,0.35,0.3,0.33
14.6,2,0.75,0.35,0.3,0.33
14.7,2,0.75,0.35,0.3,0.33
14.8,2,0.75,0.35,0.3,0.33
14.9,2,0.75,0.35,0.3,0.33
15,2,0.75,0.35,0.3,0.33
15.1,2,0.75,0.35,0.3,0.33
15.2,2,0.75,0.35,0.3,0.33
15.3,2,0.75,0.35,0.3,0.33
15.4,2,0.75,0.35,0.3,0.33
15.5,2,0.75,0.35,0.3,0.33
15.6,2,0.75,0.35,0.3,0.33
15.7,2,0.75,0.35,0.3,0.33
15.8,2,0.75,0.35,0.3,0.33
15.9,2,0.75,0.35,0.3,0.33
16,2,0.75,0.35,0.3,0.33
16.1,2,0.75,0.35,0.3,0.33
16.2,2,0.75,0.35,0.3,0.33
16.3,2,0.75,0.35,0.3,0.33
16.4,2,0.75,0.35,0.3,0.33
16.5,2,0.75,0.35,0.3,0.33
16.6,2,0.75,0.35,0.3,0.33
16.7,2,0.75,0.35,0.3,0.33
16.8,2,0.75,0.35,0.3,0.33
16.9,2,0.75,0.35,0.3,0.33
17,2,0.75,0.35,0.3,0.33
17.1,2,0.75,0.35,0.3,0.33
17.2,2,0.75,0.35,0.3,0.33
17.3,2,0.75,0.35,0.3,0.33
17.4,2,0.75,0.35,0.3,0.33
17.5,2,0.75,0.35,0.3,0.33
17.6,2,0.75,0.35,0.3,0.33
17.7,2,0.75,0.35,0.3,0.33
17.8,2,0.75,0.35,0.3,0.33
17.9,2,0.75,0.35,0.3,0.33
18,2,0.75,0.35,0.3,0.33
18.1,2,0.75,0.35,0.3,0.33
18.2,2,0.75,0.35,0.3,0.33
18.3,2,0.75,0.35,0.3,0.33
18.4,2,0.75,0.35,0.3,0.33
18.5,2,0.75,0.35,0.3,0.33
18.6,2,0.75,0.35,0.3,0.33
18.7,2,0.75,0.35,0.3,0.33
18.8,2,0.75,0.35,0.3,0.33
18.9,2,0.75,0.35,0.3,0.33
19,2,0.75,0.35,0.3,0.33
19.1,2,0.75,0.35,0.3,0.33
19.2,2,0.75,0.35,0.3,0.33
19.3,2,0.75,0.35,0.3,0.33
19.4,2,0.75,0.35,0.3,0.33
19.5,2,0.75,0.35,0.3,0.33
19.6,2,0.75,0.35,0.3,0.33
19.7,2,0.75,0.35,0.3,0.33
19.8,2,0.75,0.35,0.3,0.33
19.9,2,0.75,0.35,0.3,0.33
20,2,0.75,0.35,0.3,0.33
20.1,2,0.75,0.35,0.3,0.33
20.2,2,0.75,0.35,0.3,0.33
20.3,2,0.75,0.35,0.3,0.33
20.4,2,0.75,0.35,0.3,0.33
20.5,2,0.75,0.35,0.3,0.33
20.6,2,0.75,0.35,0.3,0.33
20.7,2,0.75,0.35,0.3,0.33
20.8,2,0.75,0.35,0.3,0.33
20.9,2,0.75,0.35,0.3,0.33
21,2,0.75,0.35,0.3,0.33
21.1,2,0.75,0.35,0.3,0.33
21.2,2,0.75,0.35,0.3,0.33
21.3,2,0.75,0.35,0.3,0.33
21.4,2,0.75,0.35,0.3,0.33
21.5,2,0.75,0.35,0.3,0.33
21.6,2,0.75,0.35,0.3,0.33
21.7,2,0.75,0.35,0.3,0.33
21.8,2,0.75,0.35,0.3,0.33
21.9,2,0.75,0.35,0.3,0.33
22,2,0.75,0.35,0.3,0.33
22.1,2,0.75,0.35,0.3,0.33
22.2,2,0.75,0.35,0.3,0.33
22.3,2,0.75,0.35,0.3,0.33
0.5,2.15,0.75,0.35,0.3,0.355
0.6,2.15,0.75,0.35,0.3,0.355
0.7,2.15,0.75,0.35,0.3,0.355
0.8,2.15,0.75,0.35,0.3,0.355
0.9,2.15,0.75,0.35,0.3,0.355
1,2.15,0.75,0.35,0.3,0.355
1.1,2.15,0.75,0.35,0.3,0.355
1.2,2.15,0.75,0.35,0.3,0.355
1.3,2.15,0.75,0.35,0.3,0.355
1.4,2.15,0.75,0.35,0.3,0.355
1.5,2.15,0.75,0.35,0.3,0.355
1.6,2.15,0.75,0.35,0.3,0.355
1.7,2.15,0.75,0.35,0.3,0.355
1.8,2.15,0.75,0.35,0.3,0.355
1.9,2.15,0.75,0.35,0.3,0.355
2,2.15,0.75,0.35,0.3,0.355
2.1,2.15,0.75,0.35,0.3,0.355
2.2,2.15,0.75,0.35,0.3,0.355
2.3,2.15,0.75,0.35,0.3,0.355
2.4,2.15,0.75,0.35,0.3,0.355
2.5,2.15,0.75,0.35,0.3,0.355
2.6,2.15,0.75,0.35,0.3,0.355
2.7,2.15,0.75,0.35,0.3,0.355
2.8,2.15,0.75,0.35,0.3,0.355
2.9,2.15,0.75,0.35,0.3,0.355
3,2.15,0.75,0.35,0.3,0.355
3.1,2.15,0.75,0.35,0.3,0.355
3.2,2.15,0.75,0.35,0.3,0.355
3.3,2.15,0.75,0.35,0.3,0.355
3.4,2.15,0.75,0.35,0.3,0.355
3.5,2.15,0.75,0.35,0.3,0.355
3.6,2.15,0.75,0.35,0.3,0.355
3.7,2.15,0.75,0.35,0.3,0.355
3.8,2.15,0.75,0.35,0.3,0.355
3.9,2.15,0.75,0.35,0.3,0.355
4,2.15,0.75,0.35,0.3,0.355
4.1,2.15,0.75,0.35,0.3,0.355
4.2,2.15,0.75,0.35,0.3,0.355
4.3,2.15,0.75,0.35,0.3,0.355
4.4,2.15,0.75,0.35,0.3,0.355
4.5,2.15,0.75,0.35,0.3,0.355
4.6,2.15,0.75,0.35,0.3,0.355
4.7,2.15,0.75,0.35,0.3,0.355
4.8,2.15,0.75,0.35,0.3,0.355
4.9,2.15,0.75,0.35,0.3,0.355
5,2.15,0.75,0.35,0.3,0.355
5.1,2.15,0.75,0.35,0.3,0.355
5.2,2.15,0.75,0.35,0.3,0.355
5.3,2.15,0.75,0.35,0.3,0.355
5.4,2.15,0.75,0.35,0.3,0.355
5.5,2.15,0.75,0.35,0.3,0.355
5.6,2.15,0.75,0.35,0.3,0.355
5.7,2.15,0.75,0.35,0.3,0.355
5.8,2.15,0.75,0.35,0.3,0.355
5.9,2.15,0.75,0.35,0.3,0.355
6,2.15,0.75,0.35,0.3,0.355
6.1,2.15,0.75,0.35,0.3,0.355
6.2,2.15,0.75,0.35,0.3,0.355
6.3,2.15,0.75,0.35,0.3,0.355
6.4,2.15,0.75,0.35,0.3,0.355
6.5,2.15,0.75,0.35,0.3,0.355
6.6,2.15,0.75,0.35,0.3,0.355
6.7,2.15,0.75,0.35,0.3,0.355
6.8,2.15,0.75,0.35,0.3,0.355
6.9,2.15,0.75,0.35,0.3,0.355
7,2.15,0.75,0.35,0.3,0.355
7.1,2.15,0.75,0.35,0.3,0.355
7.2,2.15,0.75,0.35,0.3,0.355
7.3,2.15,0.75,0.35,0.3,0.355
7.4,2.15,0.75,0.35,0.3,0.355
7.5,2.15,0.75,0.35,0.3,0.355
7.6,2.15,0.75,0.35,0.3,0.355
7.7,2.15,0.75,0.35,0.3,0.355
7.8,2.15,0.75,0.35,0.3,0.355
7.9,2.15,0.75,0.35,0.3,0.355
8,2.15,0.75,0.35,0.3,0.355
8.1,2.15,0.75,0.35,0.3,0.355
8.2,2.15,0.75,0.35,0.3,0.355
8.3,2.15,0.75,0.35,0.3,0.355
8.4,2.15,0.75,0.35,0.3,0.355
8.5,2.15,0.75,0.35,0.3,0.355
8.6,2.15,0.75,0.35,0.3,0.355
8.7,2.15,0.75,0.35,0.3,0.355
8.8,2.15,0.75,0.35,0.3,0.355
8.9,2.15,0.75,0.35,0.3,0.355
9,2.15,0.75,0.35,0.3,0.355
9.1,2.15,0.75,0.35,0.3,0.355
9.2,2.15,0.75,0.35,0.3,0.355
9.3,2.15,0.75,0.35,0.3,0.355
9.4,2.15,0.75,0.35,0.3,0.355
9.5,2.15,0.75,0.35,0.3,0.355
9.6,2.15,0.75,0.35,0.3,0.355
9.7,2.15,0.75,0.35,0.3,0.355
9.8,2.15,0.75,0.35,0.3,0.355
9.9,2.15,0.75,0.35,0.3,0.355
10,2.15,0.75,0.35,0.3,0.355
10.1,2.15,0.75,0.35,0.3,0.355
10.2,2.15,0.75,0.35,0.3,0.355
10.3,2.15,0.75,0.35,0.3,0.355
10.4,2.15,0.75,0.35,0.3,0.355
10.5,2.15,0.75,0.35,0.3,0.355
10.6,2.15,0.75,0.35,0.3,0.355
10.7,2.15,0.75,0.35,0.3,0.355
10.8,2.15,0.75,0.35,0.3,0.355
10.9,2.15,0.75,0.35,0.3,0.355
11,2.15,0.75,0.35,0.3,0.355
11.1,2.15,0.75,0.35,0.3,0.355
11.2,2.15,0.75,0.35,0.3,0.355
11.3,2.15,0.75,0.35,0.3,0.355
11.4,2.15,0.75,0.35,0.3,0.355
11.5,2.15,0.75,0.35,0.3,0.355
11.6,2.15,0.75,0.35,0.3,0.355
11.7,2.15,0.75,0.35,0.3,0.355
11.8,2.15,0.75,0.35,0.3,0.355
11.9,2.15,0.75,0.35,0.3,0.355
12,2.15,0.75,0.35,0.3,0.355
12.1,2.15,0.75,0.35,0.3,0.355
12.2,2.15,0.75,0.35,0.3,0.355
12.3,2.15,0.75,0.35,0.3,0.355
12.4,2.15,0.75,0.35,0.3,0.355
12.5,2.15,0.75,0.35,0.3,0.355
12.6,2.15,0.75,0.35,0.3,0.355
12.7,2.15,0.75,0.35,0.3,0.355
12.8,2.15,0.75,0.35,0.3,0.355
12.9,2.15,0.75,0.35,0.3,0.355
13,2.15,0.75,0.35,0.3,0.355
13.1,2.15,0.75,0.35,0.3,0.355
13.2,2.15,0.75,0.35,0.3,0.355
13.3,2.15,0.75,0.35,0.3,0.355
13.4,2.15,0.75,0.35,0.3,0.355
13.5,2.15,0.75,0.35,0.3,0.355
13.6,2.15,0.75,0.35,0.3,0.355
13.7,2.15,0.75,0.35,0.3,0.355
13.8,2.15,0.75,0.35,0.3,0.355
13.9,2.15,0.75,0.35,0.3,0.355
14,2.15,0.75,0.35,0.3,0.355
14.1,2.15,0.75,0.35,0.3,0.355
14.2,2.15,0.75,0.35,0.3,0.355
14.3,2.15,0.75,0.35,0.3,0.355
14.4,2.15,0.75,0.35,0.3,0.355
14.5,2.15,0.75,0.35,0.3,0.355
14.6,2.15,0.75,0.35,0.3,0.355
14.7,2.15,0.75,0.35,0.3,0.355
14.8,2.15,0.75,0.35,0.3,0.355
14.9,2.15,0.75,0.35,0.3,0.355
15,2.15,0.75,0.35,0.3,0.355
15.1,2.15,0.75,0.35,0.3,0.355
15.2,2.15,0.75,0.35,0.3,0.355
15.3,2.15,0.75,0.35,0.3,0.355
15.4,2.15,0.75,0.35,0.3,0.355
15.5,2.15,0.75,0.35,0.3,0.355
15.6,2.15,0.75,0.35,0.3,0.355
15.7,2.15,0.75,0.35,0.3,0.355
15.8,2.15,0.75,0.35,0.3,0.355
15.9,2.15,0.75,0.35,0.3,0.355
16,2.15,0.75,0.35,0.3,0.355
16.1,2.15,0.75,0.35,0.3,0.355
16.2,2.15,0.75,0.35,0.3,0.355
16.3,2.15,0.75,0.35,0.3,0.355
16.4,2.15,0.75,0.35,0.3,0.355
16.5,2.15,0.75,0.35,0.3,0.355
16.6,2.15,0.75,0.35,0.3,0.355
16.7,2.15,0.75,0.35,0.3,0.355
16.8,2.15,0.75,0.35,0.3,0.355
16.9,2.15,0.75,0.35,0.3,0.355
17,2.15,0.75,0.35,0.3,0.355
17.1,2.15,0.75,0.35,0.3,0.355
17.2,2.15,0.75,0.35,0.3,0.355
17.3,2.15,0.75,0.35,0.3,0.355
17.4,2.15,0.75,0.35,0.3,0.355
17.5,2.15,0.75,0.35,0.3,0.355
17.6,2.15,0.75,0.35,0.3,0.355
17.7,2.15,0.75,0.35,0.3,0.355
17.8,2.15,0.75,0.35,0.3,0.355
17.9,2.15,0.75,0.35,0.3,0.355
18,2.15,0.75,0.35,0.3,0.355
18.1,2.15,0.75,0.35,0.3,0.355
18.2,2.15,0.75,0.35,0.3,0.355
18.3,2.15,0.75,0.35,0.3,0.355
18.4,2.15,0.75,0.35,0.3,0.355
18.5,2.15,0.75,0.35,0.3,0.355
18.6,2.15,0.75,0.35,0.3,0.355
18.7,2.15,0.75,0.35,0.3,0.355
18.8,2.15,0.75,0.35,0.3,0.355
18.9,2.15,0.75,0.35,0.3,0.355
19,2.15,0.75,0.35,0.3,0.355
19.1,2.15,0.75,0.35,0.3,0.355
19.2,2.15,0.75,0.35,0.3,0.355
19.3,2.15,0.75,0.35,0.3,0.355
19.4,2.15,0.75,0.35,0.3,0.355
19.5,2.15,0.75,0.35,0.3,0.355
19.6,2.15,0.75,0.35,0.3,0.355
19.7,2.15,0.75,0.35,0.3,0.355
19.8,2.15,0.75,0.35,0.3,0.355
19.9,2.15,0.75,0.35,0.3,0.355
20,2.15,0.75,0.35,0.3,0.355
20.1,2.15,0.75,0.35,0.3,0.355
20.2,2.15,0.75,0.35,0.3,0.355
20.3,2.15,0.75,0.35,0.3,0.355
20.4,2.15,0.75,0.35,0.3,0.355
20.5,2.15,0.75,0.35,0.3,0.355
20.6,2.15,0.75,0.35,0.3,0.355
20.7,2.15,0.75,0.35,0.3,0.355
20.8,2.15,0.75,0.35,0.3,0.355
20.9,2.15,0.75,0.35,0.3,0.355
21,2.15,0.75,0.35,0.3,0.355
21.1,2.15,0.75,0.35,0.3,0.355
21.2,2.15,0.75,0.35,0.3,0.355
21.3,2.15,0.75,0.35,0.3,0.355
21.4,2.15,0.75,0.35,0.3,0.355
21.5,2.15,0.75,0.35,0.3,0.355
21.6,2.15,0.75,0.35,0.3,0.355
21.7,2.15,0.75,0.35,0.3,0.355
21.8,2.15,0.75,0.35,0.3,0.355
21.9,2.15,0.75,0.35,0.3,0.355
22,2.15,0.75,0.35,0.3,0.355
22.1,2.15,0.75,0.35,0.3,0.355
22.2,2.15,0.75,0.35,0.3,0.355
22.3,2.15,0.75,0.35,0.3,0.355
0.5,2.3,0.75,0.35,0.3,0.3795
0.6,2.3,0.75,0.35,0.3,0.3795
0.7,2.3,0.75,0.35,0.3,0.3795
0.8,2.3,0.75,0.35,0.3,0.3795
0.9,2.3,0.75,0.35,0.3,0.3795
1,2.3,0.75,0.35,0.3,0.3795
1.1,2.3,0.75,0.35,0.3,0.3795
1.2,2.3,0.75,0.35,0.3,0.3795
1.3,2.3,0.75,0.35,0.3,0.3795
1.4,2.3,0.75,0.35,0.3,0.3795
1.5,2.3,0.75,0.35,0.3,0.3795
1.6,2.3,0.75,0.35,0.3,0.3795
1.7,2.3,0.75,0.35,0.3,0.3795
1.8,2.3,0.75,0.35,0.3,0.3795
1.9,2.3,0.75,0.35,0.3,0.3795
2,2.3,0.75,0.35,0.3,0.3795
2.1,2.3,0.75,0.35,0.3,0.3795
2.2,2.3,0.75,0.35,0.3,0.3795
2.3,2.3,0.75,0.35,0.3,0.3795
2.4,2.3,0.75,0.35,0.3,0.3795
2.5,2.3,0.75,0.35,0.3,0.3795
2.6,2.3,0.75,0.35,0.3,0.3795
2.7,2.3,0.75,0.35,0.3,0.3795
2.8,2.3,0.75,0.35,0.3,0.3795
2.9,2.3,0.75,0.35,0.3,0.3795
3,2.3,0.75,0.35,0.3,0.3795
3.1,2.3,0.75,0.35,0.3,0.3795
3.2,2.3,0.75,0.35,0.3,0.3795
3.3,2.3,0.75,0.35,0.3,0.3795
3.4,2.3,0.75,0.35,0.3,0.3795
3.5,2.3,0.75,0.35,0.3,0.3795
3.6,2.3,0.75,0.35,0.3,0.3795
3.7,2.3,0.75,0.35,0.3,0.3795
3.8,2.3,0.75,0.35,0.3,0.3795
3.9,2.3,0.75,0.35,0.3,0.3795
4,2.3,0.75,0.35,0.3,0.3795
4.1,2.3,0.75,0.35,0.3,0.3795
4.2,2.3,0.75,0.35,0.3,0.3795
4.3,2.3,0.75,0.35,0.3,0.3795
4.4,2.3,0.75,0.35,0.3,0.3795
4.5,2.3,0.75,0.35,0.3,0.3795
4.6,2.3,0.75,0.35,0.3,0.3795
4.7,2.3,0.75,0.35,0.3,0.3795
4.8,2.3,0.75,0.35,0.3,0.3795
4.9,2.3,0.75,0.35,0.3,0.3795
5,2.3,0.75,0.35,0.3,0.3795
5.1,2.3,0.75,0.35,0.3,0.3795
5.2,2.3,0.75,0.35,0.3,0.3795
5.3,2.3,0.75,0.35,0.3,0.3795
5.4,2.3,0.75,0.35,0.3,0.3795
5.5,2.3,0.75,0.35,0.3,0.3795
5.6,2.3,0.75,0.35,0.3,0.3795
5.7,2.3,0.75,0.35,0.3,0.3795
5.8,2.3,0.75,0.35,0.3,0.3795
5.9,2.3,0.75,0.35,0.3,0.3795
6,2.3,0.75,0.35,0.3,0.3795
6.1,2.3,0.75,0.35,0.3,0.3795
6.2,2.3,0.75,0.35,0.3,0.3795
6.3,2.3,0.75,0.35,0.3,0.3795
6.4,2.3,0.75,0.35,0.3,0.3795
6.5,2.3,0.75,0.35,0.3,0.3795
6.6,2.3,0.75,0.35,0.3,0.3795
6.7,2.3,0.75,0.35,0.3,0.3795
6.8,2.3,0.75,0.35,0.3,0.3795
6.9,2.3,0.75,0.35,0.3,0.3795
7,2.3,0.75,0.35,0.3,0.3795
7.1,2.3,0.75,0.35,0.3,0.3795
7.2,2.3,0.75,0.35,0.3,0.3795
7.3,2.3,0.75,0.35,0.3,0.3795
7.4,2.3,0.75,0.35,0.3,0.3795
7.5,2.3,0.75,0.35,0.3,0.3795
7.6,2.3,0.75,0.35,0.3,0.3795
7.7,2.3,0.75,0.35,0.3,0.3795
7.8,2.3,0.75,0.35,0.3,0.3795
7.9,2.3,0.75,0.35,0.3,0.3795
8,2.3,0.75,0.35,0.3,0.3795
8.1,2.3,0.75,0.35,0.3,0.3795
8.2,2.3,0.75,0.35,0.3,0.3795
8.3,2.3,0.75,0.35,0.3,0.3795
8.4,2.3,0.75,0.35,0.3,0.3795
8.5,2.3,0.75,0.35,0.3,0.3795
8.6,2.3,0.75,0.35,0.3,0.3795
8.7,2.3,0.75,0.35,0.3,0.3795
8.8,2.3,0.75,0.35,0.3,0.3795
8.9,2.3,0.75,0.35,0.3,0.3795
9,2.3,0.75,0.35,0.3,0.3795
9.1,2.3,0.75,0.35,0.3,0.3795
9.2,2.3,0.75,0.35,0.3,0.3795
9.3,2.3,0.75,0.35,0.3,0.3795
9.4,2.3,0.75,0.35,0.3,0.3795
9.5,2.3,0.75,0.35,0.3,0.3795
9.6,2.3,0.75,0.35,0.3,0.3795
9.7,2.3,0.75,0.35,0.3,0.3795
9.8,2.3,0.75,0.35,0.3,0.3795
9.9,2.3,0.75,0.35,0.3,0.3795
10,2.3,0.75,0.35,0.3,0.3795
10.1,2.3,0.75,0.35,0.3,0.3795
10.2,2.3,0.75,0.35,0.3,0.3795
10.3,2.3,0.75,0.35,0.3,0.3795
10.4,2.3,0.75,0.35,0.3,0.3795
10.5,2.3,0.75,0.35,0.3,0.3795
10.6,2.3,0.75,0.35,0.3,0.3795
10.7,2.3,0.75,0.35,0.3,0.3795
10.8,2.3,0.75,0.35,0.3,0.3795
10.9,2.3,0.75,0.35,0.3,0.3795
11,2.3,0.75,0.35,0.3,0.3795
11.1,2.3,0.75,0.35,0.3,0.3795
11.2,2.3,0.75,0.35,0.3,0.3795
11.3,2.3,0.75,0.35,0.3,0.3795
11.4,2.3,0.75,0.35,0.3,0.3795
11.5,2.3,0.75,0.35,0.3,0.3795
11.6,2.3,0.75,0.35,0.3,0.3795
11.7,2.3,0.75,0.35,0.3,0.3795
11.8,2.3,0.75,0.35,0.3,0.3795
11.9,2.3,0.75,0.35,0.3,0.3795
12,2.3,0.75,0.35,0.3,0.3795
12.1,2.3,0.75,0.35,0.3,0.3795
12.2,2.3,0.75,0.35,0.3,0.3795
12.3,2.3,0.75,0.35,0.3,0.3795
12.4,2.3,0.75,0.35,0.3,0.3795
12.5,2.3,0.75,0.35,0.3,0.3795
12.6,2.3,0.75,0.35,0.3,0.3795
12.7,2.3,0.75,0.35,0.3,0.3795
12.8,2.3,0.75,0.35,0.3,0.3795
12.9,2.3,0.75,0.35,0.3,0.3795
13,2.3,0.75,0.35,0.3,0.3795
13.1,2.3,0.75,0.35,0.3,0.3795
13.2,2.3,0.75,0.35,0.3,0.3795
13.3,2.3,0.75,0.35,0.3,0.3795
13.4,2.3,0.75,0.35,0.3,0.3795
13.5,2.3,0.75,0.35,0.3,0.3795
13.6,2.3,0.75,0.35,0.3,0.3795
13.7,2.3,0.75,0.35,0.3,0.3795
13.8,2.3,0.75,0.35,0.3,0.3795
13.9,2.3,0.75,0.35,0.3,0.3795
14,2.3,0.75,0.35,0.3,0.3795
14.1,2.3,0.75,0.35,0.3,0.3795
14.2,2.3,0.75,0.35,0.3,0.3795
14.3,2.3,0.75,0.35,0.3,0.3795
14.4,2.3,0.75,0.35,0.3,0.3795
14.5,2.3,0.75,0.35,0.3,0.3795
14.6,2.3,0.75,0.35,0.3,0.3795
14.7,2.3,0.75,0.35,0.3,0.3795
14.8,2.3,0.75,0.35,0.3,0.3795
14.9,2.3,0.75,0.35,0.3,0.3795
15,2.3,0.75,0.35,0.3,0.3795
15.1,2.3,0.75,0.35,0.3,0.3795
15.2,2.3,0.75,0.35,0.3,0.3795
15.3,2.3,0.75,0.35,0.3,0.3795
15.4,2.3,0.75,0.35,0.3,0.3795
15.5,2.3,0.75,0.35,0.3,0.3795
15.6,2.3,0.75,0.35,0.3,0.3795
15.7,2.3,0.75,0.35,0.3,0.3795
15.8,2.3,0.75,0.35,0.3,0.3795
15.9,2.3,0.75,0.35,0.3,0.3795
16,2.3,0.75,0.35,0.3,0.3795
16.1,2.3,0.75,0.35,0.3,0.3795
16.2,2.3,0.75,0.35,0.3,0.3795
16.3,2.3,0.75,0.35,0.3,0.3795
16.4,2.3,0.75,0.35,0.3,0.3795
16.5,2.3,0.75,0.35,0.3,0.3795
16.6,2.3,0.75,0.35,0.3,0.3795
16.7,2.3,0.75,0.35,0.3,0.3795
16.8,2.3,0.75,0.35,0.3,0.3795
16.9,2.3,0.75,0.35,0.3,0.3795
17,2.3,0.75,0.35,0.3,0.3795
17.1,2.3,0.75,0.35,0.3,0.3795
17.2,2.3,0.75,0.35,0.3,0.3795
17.3,2.3,0.75,0.35,0.3,0.3795
17.4,2.3,0.75,0.35,0.3,0.3795
17.5,2.3,0.75,0.35,0.3,0.3795
17.6,2.3,0.75,0.35,0.3,0.3795
17.7,2.3,0.75,0.35,0.3,0.3795
17.8,2.3,0.75,0.35,0.3,0.3795
17.9,2.3,0.75,0.35,0.3,0.3795
18,2.3,0.75,0.35,0.3,0.3795
18.1,2.3,0.75,0.35,0.3,0.3795
18.2,2.3,0.75,0.35,0.3,0.3795
18.3,2.3,0.75,0.35,0.3,0.3795
18.4,2.3,0.75,0.35,0.3,0.3795
18.5,2.3,0.75,0.35,0.3,0.3795
18.6,2.3,0.75,0.35,0.3,0.3795
18.7,2.3,0.75,0.35,0.3,0.3795
18.8,2.3,0.75,0.35,0.3,0.3795
18.9,2.3,0.75,0.35,0.3,0.3795
19,2.3,0.75,0.35,0.3,0.3795
19.1,2.3,0.75,0.35,0.3,0.3795
19.2,2.3,0.75,0.35,0.3,0.3795
19.3,2.3,0.75,0.35,0.3,0.3795
19.4,2.3,0.75,0.35,0.3,0.3795
19.5,2.3,0.75,0.35,0.3,0.3795
19.6,2.3,0.75,0.35,0.3,0.3795
19.7,2.3,0.75,0.35,0.3,0.3795
19.8,2.3,0.75,0.35,0.3,0.3795
19.9,2.3,0.75,0.35,0.3,0.3795
20,2.3,0.75,0.35,0.3,0.3795
20.1,2.3,0.75,0.35,0.3,0.3795
20.2,2.3,0.75,0.35,0.3,0.3795
20.3,2.3,0.75,0.35,0.3,0.3795
20.4,2.3,0.75,0.35,0.3,0.3795
20.5,2.3,0.75,0.35,0.3,0.3795
20.6,2.3,0.75,0.35,0.3,0.3795
20.7,2.3,0.75,0.35,0.3,0.3795
20.8,2.3,0.75,0.35,0.3,0.3795
20.9,2.3,0.75,0.35,0.3,0.3795
21,2.3,0.75,0.35,0.3,0.3795
21.1,2.3,0.75,0.35,0.3,0.3795
21.2,2.3,0.75,0.35,0.3,0.3795
21.3,2.3,0.75,0.35,0.3,0.3795
21.4,2.3,0.75,0.35,0.3,0.3795
21.5,2.3,0.75,0.35,0.3,0.3795
21.6,2.3,0.75,0.35,0.3,0.3795
21.7,2.3,0.75,0.35,0.3,0.3795
21.8,2.3,0.75,0.35,0.3,0.3795
21.9,2.3,0.75,0.35,0.3,0.3795
22,2.3,0.75,0.35,0.3,0.3795
22.1,2.3,0.75,0.35,0.3,0.3795
22.2,2.3,0.75,0.35,0.3,0.3795
22.3,2.3,0.75,0.35,0.3,0.3795
0.5,2.45,0.9188,0.35,0.3,0.4043
0.6,2.45,0.9188,0.35,0.3,0.4043
0.7,2.45,0.9188,0.35,0.3,0.4043
0.8,2.45,0.9188,0.35,0.3,0.4043
0.9,2.45,0.9188,0.35,0.3,0.4043
1,2.45,0.9188,0.35,0.3,0.4043
1.1,2.45,0.9188,0.35,0.3,0.4043
1.2,2.45,0.9188,0.35,0.3,0.4043
1.3,2.45,0.9188,0.35,0.3,0.4043
1.4,2.45,0.9188,0.35,0.3,0.4043
1.5,2.45,0.9188,0.35,0.3,0.4043
1.6,2.45,0.9188,0.35,0.3,0.4043
1.7,2.45,0.9188,0.35,0.3,0.4043
1.8,2.45,0.9188,0.35,0.3,0.4043
1.9,2.45,0.9188,0.35,0.3,0.4043
2,2.45,0.9188,0.35,0.3,0.4043
2.1,2.45,0.9188,0.35,0.3,0.4043
2.2,2.45,0.9188,0.35,0.3,0.4043
2.3,2.45,0.9188,0.35,0.3,0.4043
2.4,2.45,0.9188,0.35,0.3,0.4043
2.5,2.45,0.9188,0.35,0.3,0.4043
2.6,2.45,0.9188,0.35,0.3,0.4043
2.7,2.45,0.9188,0.35,0.3,0.4043
2.8,2.45,0.9188,0.35,0.3,0.4043
2.9,2.45,0.9188,0.35,0.3,0.4043
3,2.45,0.9188,0.35,0.3,0.4043
3.1,2.45,0.9188,0.35,0.3,0.4043
3.2,2.45,0.9188,0.35,0.3,0.4043
3.3,2.45,0.9188,0.35,0.3,0.4043
3.4,2.45,0.9188,0.35,0.3,0.4043
3.5,2.45,0.9188,0.35,0.3,0.4043
3.6,2.45,0.9188,0.35,0.3,0.4043
3.7,2.45,0.9188,0.35,0.3,0.4043
3.8,2.45,0.9188,0.35,0.3,0.4043
3.9,2.45,0.9188,0.35,0.3,0.4043
4,2.45,0.9188,0.35,0.3,0.4043
4.1,2.45,0.9188,0.35,0.3,0.4043
4.2,2.45,0.9188,0.35,0.3,0.4043
4.3,2.45,0.9188,0.35,0.3,0.4043
4.4,2.45,0.9188,0.35,0.3,0.4043
4.5,2.45,0.9188,0.35,0.3,0.4043
4.6,2.45,0.9188,0.35,0.3,0.4043
4.7,2.45,0.9188,0.35,0.3,0.4043
4.8,2.45,0.9188,0.35,0.3,0.4043
4.9,2.45,0.9188,0.35,0.3,0.4043
5,2.45,0.9188,0.35,0.3,0.4043
5.1,2.45,0.9188,0.35,0.3,0.4043
5.2,2.45,0.9188,0.35,0.3,0.4043
5.3,2.45,0.9188,0.35,0.3,0.4043
5.4,2.45,0.9188,0.35,0.3,0.4043
5.5,2.45,0.9188,0.35,0.3,0.4043
5.6,2.45,0.9188,0.35,0.3,0.4043
5.7,2.45,0.9188,0.35,0.3,0.4043
5.8,2.45,0.9188,0.35,0.3,0.4043
5.9,2.45,0.9188,0.35,0.3,0.4043
6,2.45,0.9188,0.35,0.3,0.4043
6.1,2.45,0.9188,0.35,0.3,0.4043
6.2,2.45,0.9188,0.35,0.3,0.4043
6.3,2.45,0.9188,0.35,0.3,0.4043
6.4,2.45,0.9188,0.35,0.3,0.4043
6.5,2.45,0.9188,0.35,0.3,0.4043
6.6,2.45,0.9188,0.35,0.3,0.4043
6.7,2.45,0.9188,0.35,0.3,0.4043
6.8,2.45,0.9188,0.35,0.3,0.4043
6.9,2.45,0.9188,0.35,0.3,0.4043
7,2.45,0.9188,0.35,0.3,0.4043
7.1,2.45,0.9188,0.35,0.3,0.4043
7.2,2.45,0.9188,0.35,0.3,0.4043
7.3,2.45,0.9188,0.35,0.3,0.4043
7.4,2.45,0.9188,0.35,0.3,0.4043
7.5,2.45,0.9188,0.35,0.3,0.4043
7.6,2.45,0.9188,0.35,0.3,0.4043
7.7,2.45,0.9188,0.35,0.3,0.4043
7.8,2.45,0.9188,0.35,0.3,0.4043
7.9,2.45,0.9188,0.35,0.3,0.4043
8,2.45,0.9188,0.35,0.3,0.4043
8.1,2.45,0.9188,0.35,0.3,0.4043
8.2,2.45,0.9188,0.35,0.3,0.4043
8.3,2.45,0.9188,0.35,0.3,0.4043
8.4,2.45,0.9188,0.35,0.3,0.4043
8.5,2.45,0.9188,0.35,0.3,0.4043
8.6,2.45,0.9188,0.35,0.3,0.4043
8.7,2.45,0.9188,0.35,0.3,0.4043
8.8,2.45,0.9188,0.35,0.3,0.4043
8.9,2.45,0.9188,0.35,0.3,0.4043
9,2.45,0.9188,0.35,0.3,0.4043
9.1,2.45,0.9188,0.35,0.3,0.4043
9.2,2.45,0.9188,0.35,0.3,0.4043
9.3,2.45,0.9188,0.35,0.3,0.4043
9.4,2.45,0.9188,0.35,0.3,0.4043
9.5,2.45,0.9188,0.35,0.3,0.4043
9.6,2.45,0.9188,0.35,0.3,0.4043
9.7,2.45,0.9188,0.35,0.3,0.4043
9.8,2.45,0.9188,0.35,0.3,0.4043
9.9,2.45,0.9188,0.35,0.3,0.4043
10,2.45,0.9188,0.35,0.3,0.4043
10.1,2.45,0.9188,0.35,0.3,0.4043
10.2,2.45,0.9188,0.35,0.3,0.4043
10.3,2.45,0.9188,0.35,0.3,0.4043
10.4,2.45,0.9188,0.35,0.3,0.4043
10.5,2.45,0.9188,0.35,0.3,0.4043
10.6,2.45,0.9188,0.35,0.3,0.4043
10.7,2.45,0.9188,0.35,0.3,0.4043
10.8,2.45,0.9188,0.35,0.3,0.4043
10.9,2.45,0.9188,0.35,0.3,0.4043
11,2.45,0.9188,0.35,0.3,0.4043
11.1,2.45,0.9188,0.35,0.3,0.4043
11.2,2.45,0.9188,0.35,0.3,0.4043
11.3,2.45,0.9188,0.35,0.3,0.4043
11.4,2.45,0.9188,0.35,0.3,0.4043
11.5,2.45,0.9188,0.35,0.3,0.4043
11.6,2.45,0.9188,0.35,0.3,0.4043
11.7,2.45,0.9188,0.35,0.3,0.4043
11.8,2.45,0.9188,0.35,0.3,0.4043
11.9,2.45,0.9188,0.35,0.3,0.4043
12,2.45,0.9188,0.35,0.3,0.4043
12.1,2.45,0.9188,0.35,0.3,0.4043
12.2,2.45,0.9188,0.35,0.3,0.4043
12.3,2.45,0.9188,0.35,0.3,0.4043
12.4,2.45,0.9188,0.35,0.3,0.4043
12.5,2.45,0.9188,0.35,0.3,0.4043
12.6,2.45,0.9188,0.35,0.3,0.4043
12.7,2.45,0.9188,0.35,0.3,0.4043
12.8,2.45,0.9188,0.35,0.3,0.4043
12.9,2.45,0.9188,0.35,0.3,0.4043
13,2.45,0.9188,0.35,0.3,0.4043
13.1,2.45,0.9188,0.35,0.3,0.4043
13.2,2.45,0.9188,0.35,0.3,0.4043
13.3,2.45,0.9188,0.35,0.3,0.4043
13.4,2.45,0.9188,0.35,0.3,0.4043
13.5,2.45,0.9188,0.35,0.3,0.4043
13.6,2.45,0.9188,0.35,0.3,0.4043
13.7,2.45,0.9188,0.35,0.3,0.4043
13.8,2.45,0.9188,0.35,0.3,0.4043
13.9,2.45,0.9188,0.35,0.3,0.4043
14,2.45,0.9188,0.35,0.3,0.4043
14.1,2.45,0.9188,0.35,0.3,0.4043
14.2,2.45,0.9188,0.35,0.3,0.4043
14.3,2.45,0.9188,0.35,0.3,0.4043
14.4,2.45,0.9188,0.35,0.3,0.4043
14.5,2.45,0.9188,0.35,0.3,0.4043
14.6,2.45,0.9188,0.35,0.3,0.4043
14.7,2.45,0.9188,0.35,0.3,0.4043
14.8,2.45,0.9188,0.35,0.3,0.4043
14.9,2.45,0.9188,0.35,0.3,0.4043
15,2.45,0.9188,0.35,0.3,0.4043
15.1,2.45,0.9188,0.35,0.3,0.4043
15.2,2.45,0.9188,0.35,0.3,0.4043
15.3,2.45,0.9188,0.35,0.3,0.4043
15.4,2.45,0.9188,0.35,0.3,0.4043
15.5,2.45,0.9188,0.35,0.3,0.4043
15.6,2.45,0.9188,0.35,0.3,0.4043
15.7,2.45,0.9188,0.35,0.3,0.4043
15.8,2.45,0.9188,0.35,0.3,0.4043
15.9,2.45,0.9188,0.35,0.3,0.4043
16,2.45,0.9188,0.35,0.3,0.4043
16.1,2.45,0.9188,0.35,0.3,0.4043
16.2,2.45,0.9188,0.35,0.3,0.4043
16.3,2.45,0.9188,0.35,0.3,0.4043
16.4,2.45,0.9188,0.35,0.3,0.4043
16.5,2.45,0.9188,0.35,0.3,0.4043
16.6,2.45,0.9188,0.35,0.3,0.4043
16.7,2.45,0.9188,0.35,0.3,0.4043
16.8,2.45,0.9188,0.35,0.3,0.4043
16.9,2.45,0.9188,0.35,0.3,0.4043
17,2.45,0.9188,0.35,0.3,0.4043
17.1,2.45,0.9188,0.35,0.3,0.4043
17.2,2.45,0.9188,0.35,0.3,0.4043
17.3,2.45,0.9188,0.35,0.3,0.4043
17.4,2.45,0.9188,0.35,0.3,0.4043
17.5,2.45,0.9188,0.35,0.3,0.4043
17.6,2.45,0.9188,0.35,0.3,0.4043
17.7,2.45,0.9188,0.35,0.3,0.4043
17.8,2.45,0.9188,0.35,0.3,0.4043
17.9,2.45,0.9188,0.35,0.3,0.4043
18,2.45,0.9188,0.35,0.3,0.4043
18.1,2.45,0.9188,0.35,0.3,0.4043
18.2,2.45,0.9188,0.35,0.3,0.4043
18.3,2.45,0.9188,0.35,0.3,0.4043
18.4,2.45,0.9188,0.35,0.3,0.4043
18.5,2.45,0.9188,0.35,0.3,0.4043
18.6,2.45,0.9188,0.35,0.3,0.4043
18.7,2.45,0.9188,0.35,0.3,0.4043
18.8,2.45,0.9188,0.35,0.3,0.4043
18.9,2.45,0.9188,0.35,0.3,0.4043
19,2.45,0.9188,0.35,0.3,0.4043
19.1,2.45,0.9188,0.35,0.3,0.4043
19.2,2.45,0.9188,0.35,0.3,0.4043
19.3,2.45,0.9188,0.35,0.3,0.4043
19.4,2.45,0.9188,0.35,0.3,0.4043
19.5,2.45,0.9188,0.35,0.3,0.4043
19.6,2.45,0.9188,0.35,0.3,0.4043
19.7,2.45,0.9188,0.35,0.3,0.4043
19.8,2.45,0.9188,0.35,0.3,0.4043
19.9,2.45,0.9188,0.35,0.3,0.4043
20,2.45,0.9188,0.35,0.3,0.4043
20.1,2.45,0.9188,0.35,0.3,0.4043
20.2,2.45,0.9188,0.35,0.3,0.4043
20.3,2.45,0.9188,0.35,0.3,0.4043
20.4,2.45,0.9188,0.35,0.3,0.4043
20.5,2.45,0.9188,0.35,0.3,0.4043
20.6,2.45,0.9188,0.35,0.3,0.4043
20.7,2.45,0.9188,0.35,0.3,0.4043
20.8,2.45,0.9188,0.35,0.3,0.4043
20.9,2.45,0.9188,0.35,0.3,0.4043
21,2.45,0.9188,0.35,0.3,0.4043
21.1,2.45,0.9188,0.35,0.3,0.4043
21.2,2.45,0.9188,0.35,0.3,0.4043
21.3,2.45,0.9188,0.35,0.3,0.4043
21.4,2.45,0.9188,0.35,0.3,0.4043
21.5,2.45,0.9188,0.35,0.3,0.4043
21.6,2.45,0.9188,0.35,0.3,0.4043
21.7,2.45,0.9188,0.35,0.3,0.4043
21.8,2.45,0.9188,0.35,0.3,0.4043
21.9,2.45,0.9188,0.35,0.3,0.4043
22,2.45,0.9188,0.35,0.3,0.4043
22.1,2.45,0.9188,0.35,0.3,0.4043
22.2,2.45,0.9188,0.35,0.3,0.4043
22.3,2.45,0.9188,0.35,0.3,0.4043
0.5,2.6,0.9188,0.35,0.3,0.429
0.6,2.6,0.9188,0.35,0.3,0.429
0.7,2.6,0.9188,0.35,0.3,0.429
0.8,2.6,0.9188,0.35,0.3,0.429
0.9,2.6,0.9188,0.35,0.3,0.429
1,2.6,0.9188,0.35,0.3,0.429
1.1,2.6,0.9188,0.35,0.3,0.429
1.2,2.6,0.9188,0.35,0.3,0.429
1.3,2.6,0.9188,0.35,0.3,0.429
1.4,2.6,0.9188,0.35,0.3,0.429
1.5,2.6,0.9188,0.35,0.3,0.429
1.6,2.6,0.9188,0.35,0.3,0.429
1.7,2.6,0.9188,0.35,0.3,0.429
1.8,2.6,0.9188,0.35,0.3,0.429
1.9,2.6,0.9188,0.35,0.3,0.429
2,2.6,0.9188,0.35,0.3,0.429
2.1,2.6,0.9188,0.35,0.3,0.429
2.2,2.6,0.9188,0.35,0.3,0.429
2.3,2.6,0.9188,0.35,0.3,0.429
2.4,2.6,0.9188,0.35,0.3,0.429
2.5,2.6,0.9188,0.35,0.3,0.429
2.6,2.6,0.9188,0.35,0.3,0.429
2.7,2.6,0.9188,0.35,0.3,0.429
2.8,2.6,0.9188,0.35,0.3,0.429
2.9,2.6,0.9188,0.35,0.3,0.429
3,2.6,0.9188,0.35,0.3,0.429
3.1,2.6,0.9188,0.35,0.3,0.429
3.2,2.6,0.9188,0.35,0.3,0.429
3.3,2.6,0.9188,0.35,0.3,0.429
3.4,2.6,0.9188,0.35,0.3,0.429
3.5,2.6,0.9188,0.35,0.3,0.429
3.6,2.6,0.9188,0.35,0.3,0.429
3.7,2.6,0.9188,0.35,0.3,0.429
3.8,2.6,0.9188,0.35,0.3,0.429
3.9,2.6,0.9188,0.35,0.3,0.429
4,2.6,0.9188,0.35,0.3,0.429
4.1,2.6,0.9188,0.35,0.3,0.429
4.2,2.6,0.9188,0.35,0.3,0.429
4.3,2.6,0.9188,0.35,0.3,0.429
4.4,2.6,0.9188,0.35,0.3,0.429
4.5,2.6,0.9188,0.35,0.3,0.429
4.6,2.6,0.9188,0.35,0.3,0.429
4.7,2.6,0.9188,0.35,0.3,0.429
4.8,2.6,0.9188,0.35,0.3,0.429
4.9,2.6,0.9188,0.35,0.3,0.429
5,2.6,0.9188,0.35,0.3,0.429
5.1,2.6,0.9188,0.35,0.3,0.429
5.2,2.6,0.9188,0.35,0.3,0.429
5.3,2.6,0.9188,0.35,0.3,0.429
5.4,2.6,0.9188,0.35,0.3,0.429
5.5,2.6,0.9188,0.35,0.3,0.429
5.6,2.6,0.9188,0.35,0.3,0.429
5.7,2.6,0.9188,0.35,0.3,0.429
5.8,2.6,0.9188,0.35,0.3,0.429
5.9,2.6,0.9188,0.35,0.3,0.429
6,2.6,0.9188,0.35,0.3,0.429
6.1,2.6,0.9188,0.35,0.3,0.429
6.2,2.6,0.9188,0.35,0.3,0.429
6.3,2.6,0.9188,0.35,0.3,0.429
6.4,2.6,0.9188,0.35,0.3,0.429
6.5,2.6,0.9188,0.35,0.3,0.429
6.6,2.6,0.9188,0.35,0.3,0.429
6.7,2.6,0.9188,0.35,0.3,0.429
6.8,2.6,0.9188,0.35,0.3,0.429
6.9,2.6,0.9188,0.35,0.3,0.429
7,2.6,0.9188,0.35,0.3,0.429
7.1,2.6,0.9188,0.35,0.3,0.429
7.2,2.6,0.9188,0.35,0.3,0.429
7.3,2.6,0.9188,0.35,0.3,0.429
7.4,2.6,0.9188,0.35,0.3,0.429
7.5,2.6,0.9188,0.35,0.3,0.429
7.6,2.6,0.9188,0.35,0.3,0.429
7.7,2.6,0.9188,0.35,0.3,0.429
7.8,2.6,0.9188,0.35,0.3,0.429
7.9,2.6,0.9188,0.35,0.3,0.429
8,2.6,0.9188,0.35,0.3,0.429
8.1,2.6,0.9188,0.35,0.3,0.429
8.2,2.6,0.9188,0.35,0.3,0.429
8.3,2.6,0.9188,0.35,0.3,0.429
8.4,2.6,0.9188,0.35,0.3,0.429
8.5,2.6,0.9188,0.35,0.3,0.429
8.6,2.6,0.9188,0.35,0.3,0.429
8.7,2.6,0.9188,0.35,0.3,0.429
8.8,2.6,0.9188,0.35,0.3,0.429
8.9,2.6,0.9188,0.35,0.3,0.429
9,2.6,0.9188,0.35,0.3,0.429
9.1,2.6,0.9188,0.35,0.3,0.429
9.2,2.6,0.9188,0.35,0.3,0.429
9.3,2.6,0.9188,0.35,0.3,0.429
9.4,2.6,0.9188,0.35,0.3,0.429
9.5,2.6,0.9188,0.35,0.3,0.429
9.6,2.6,0.9188,0.35,0.3,0.429
9.7,2.6,0.9188,0.35,0.3,0.429
9.8,2.6,0.9188,0.35,0.3,0.429
9.9,2.6,0.9188,0.35,0.3,0.429
10,2.6,0.9188,0.35,0.3,0.429
10.1,2.6,0.9188,0.35,0.3,0.429
10.2,2.6,0.9188,0.35,0.3,0.429
10.3,2.6,0.9188,0.35,0.3,0.429
10.4,2.6,0.9188,0.35,0.3,0.429
10.5,2.6,0.9188,0.35,0.3,0.429
10.6,2.6,0.9188,0.35,0.3,0.429
10.7,2.6,0.9188,0.35,0.3,0.429
10.8,2.6,0.9188,0.35,0.3,0.429
10.9,2.6,0.9188,0.35,0.3,0.429
11,2.6,0.9188,0.35,0.3,0.429
11.1,2.6,0.9188,0.35,0.3,0.429
11.2,2.6,0.9188,0.35,0.3,0.429
11.3,2.6,0.9188,0.35,0.3,0.429
11.4,2.6,0.9188,0.35,0.3,0.429
11.5,2.6,0.9188,0.35,0.3,0.429
11.6,2.6,0.9188,0.35,0.3,0.429
11.7,2.6,0.9188,0.35,0.3,0.429
11.8,2.6,0.9188,0.35,0.3,0.429
11.9,2.6,0.9188,0.35,0.3,0.429
12,2.6,0.9188,0.35,0.3,0.429
12.1,2.6,0.9188,0.35,0.3,0.429
12.2,2.6,0.9188,0.35,0.3,0.429
12.3,2.6,0.9188,0.35,0.3,0.429
12.4,2.6,0.9188,0.35,0.3,0.429
12.5,2.6,0.9188,0.35,0.3,0.429
12.6,2.6,0.9188,0.35,0.3,0.429
12.7,2.6,0.9188,0.35,0.3,0.429
12.8,2.6,0.9188,0.35,0.3,0.429
12.9,2.6,0.9188,0.35,0.3,0.429
13,2.6,0.9188,0.35,0.3,0.429
13.1,2.6,0.9188,0.35,0.3,0.429
13.2,2.6,0.9188,0.35,0.3,0.429
13.3,2.6,0.9188,0.35,0.3,0.429
13.4,2.6,0.9188,0.35,0.3,0.429
13.5,2.6,0.9188,0.35,0.3,0.429
13.6,2.6,0.9188,0.35,0.3,0.429
13.7,2.6,0.9188,0.35,0.3,0.429
13.8,2.6,0.9188,0.35,0.3,0.429
13.9,2.6,0.9188,0.35,0.3,0.429
14,2.6,0.9188,0.35,0.3,0.429
14.1,2.6,0.9188,0.35,0.3,0.429
14.2,2.6,0.9188,0.35,0.3,0.429
14.3,2.6,0.9188,0.35,0.3,0.429
14.4,2.6,0.9188,0.35,0.3,0.429
14.5,2.6,0.9188,0.35,0.3,0.429
14.6,2.6,0.9188,0.35,0.3,0.429
14.7,2.6,0.9188,0.35,0.3,0.429
14.8,2.6,0.9188,0.35,0.3,0.429
14.9,2.6,0.9188,0.35,0.3,0.429
15,2.6,0.9188,0.35,0.3,0.429
15.1,2.6,0.9188,0.35,0.3,0.429
15.2,2.6,0.9188,0.35,0.3,0.429
15.3,2.6,0.9188,0.35,0.3,0.429
15.4,2.6,0.9188,0.35,0.3,0.429
15.5,2.6,0.9188,0.35,0.3,0.429
15.6,2.6,0.9188,0.35,0.3,0.429
15.7,2.6,0.9188,0.35,0.3,0.429
15.8,2.6,0.9188,0.35,0.3,0.429
15.9,2.6,0.9188,0.35,0.3,0.429
16,2.6,0.9188,0.35,0.3,0.429
16.1,2.6,0.9188,0.35,0.3,0.429
16.2,2.6,0.9188,0.35,0.3,0.429
16.3,2.6,0.9188,0.35,0.3,0.429
16.4,2.6,0.9188,0.35,0.3,0.429
16.5,2.6,0.9188,0.35,0.3,0.429
16.6,2.6,0.9188,0.35,0.3,0.429
16.7,2.6,0.9188,0.35,0.3,0.429
16.8,2.6,0.9188,0.35,0.3,0.429
16.9,2.6,0.9188,0.35,0.3,0.429
17,2.6,0.9188,0.35,0.3,0.429
17.1,2.6,0.9188,0.35,0.3,0.429
17.2,2.6,0.9188,0.35,0.3,0.429
17.3,2.6,0.9188,0.35,0.3,0.429
17.4,2.6,0.9188,0.35,0.3,0.429
17.5,2.6,0.9188,0.35,0.3,0.429
17.6,2.6,0.9188,0.35,0.3,0.429
17.7,2.6,0.9188,0.35,0.3,0.429
17.8,2.6,0.9188,0.35,0.3,0.429
17.9,2.6,0.9188,0.35,0.3,0.429
18,2.6,0.9188,0.35,0.3,0.429
18.1,2.6,0.9188,0.35,0.3,0.429
18.2,2.6,0.9188,0.35,0.3,0.429
18.3,2.6,0.9188,0.35,0.3,0.429
18.4,2.6,0.9188,0.35,0.3,0.429
18.5,2.6,0.9188,0.35,0.3,0.429
18.6,2.6,0.9188,0.35,0.3,0.429
18.7,2.6,0.9188,0.35,0.3,0.429
18.8,2.6,0.9188,0.35,0.3,0.429
18.9,2.6,0.9188,0.35,0.3,0.429
19,2.6,0.9188,0.35,0.3,0.429
19.1,2.6,0.9188,0.35,0.3,0.429
19.2,2.6,0.9188,0.35,0.3,0.429
19.3,2.6,0.9188,0.35,0.3,0.429
19.4,2.6,0.9188,0.35,0.3,0.429
19.5,2.6,0.9188,0.35,0.3,0.429
19.6,2.6,0.9188,0.35,0.3,0.429
19.7,2.6,0.9188,0.35,0.3,0.429
19.8,2.6,0.9188,0.35,0.3,0.429
19.9,2.6,0.9188,0.35,0.3,0.429
20,2.6,0.9188,0.35,0.3,0.429
20.1,2.6,0.9188,0.35,0.3,0.429
20.2,2.6,0.9188,0.35,0.3,0.429
20.3,2.6,0.9188,0.35,0.3,0.429
20.4,2.6,0.9188,0.35,0.3,0.429
20.5,2.6,0.9188,0.35,0.3,0.429
20.6,2.6,0.9188,0.35,0.3,0.429
20.7,2.6,0.9188,0.35,0.3,0.429
20.8,2.6,0.9188,0.35,0.3,0.429
20.9,2.6,0.9188,0.35,0.3,0.429
21,2.6,0.9188,0.35,0.3,0.429
21.1,2.6,0.9188,0.35,0.3,0.429
21.2,2.6,0.9188,0.35,0.3,0.429
21.3,2.6,0.9188,0.35,0.3,0.429
21.4,2.6,0.9188,0.35,0.3,0.429
21.5,2.6,0.9188,0.35,0.3,0.429
21.6,2.6,0.9188,0.35,0.3,0.429
21.7,2.6,0.9188,0.35,0.3,0.429
21.8,2.6,0.9188,0.35,0.3,0.429
21.9,2.6,0.9188,0.35,0.3,0.429
22,2.6,0.9188,0.35,0.3,0.429
22.1,2.6,0.9188,0.35,0.3,0.429
22.2,2.6,0.9188,0.35,0.3,0.429
22.3,2.6,0.9188,0.35,0.3,0.429
0.5,2.65,0.9188,0.36,0.3,0.4373
0.6,2.65,0.9188,0.36,0.3,0.4373
0.7,2.65,0.9188,0.36,0.3,0.4373
0.8,2.65,0.9188,0.36,0.3,0.4373
0.9,2.65,0.9188,0.36,0.3,0.4373
1,2.65,0.9188,0.36,0.3,0.4373
1.1,2.65,0.9188,0.36,0.3,0.4373
1.2,2.65,0.9188,0.36,0.3,0.4373
1.3,2.65,0.9188,0.36,0.3,0.4373
1.4,2.65,0.9188,0.36,0.3,0.4373
1.5,2.65,0.9188,0.36,0.3,0.4373
1.6,2.65,0.9188,0.36,0.3,0.4373
1.7,2.65,0.9188,0.36,0.3,0.4373
1.8,2.65,0.9188,0.36,0.3,0.4373
1.9,2.65,0.9188,0.36,0.3,0.4373
2,2.65,0.9188,0.36,0.3,0.4373
2.1,2.65,0.9188,0.36,0.3,0.4373
2.2,2.65,0.9188,0.36,0.3,0.4373
2.3,2.65,0.9188,0.36,0.3,0.4373
2.4,2.65,0.9188,0.36,0.3,0.4373
2.5,2.65,0.9188,0.36,0.3,0.4373
2.6,2.65,0.9188,0.36,0.3,0.4373
2.7,2.65,0.9188,0.36,0.3,0.4373
2.8,2.65,0.9188,0.36,0.3,0.4373
2.9,2.65,0.9188,0.36,0.3,0.4373
3,2.65,0.9188,0.36,0.3,0.4373
3.1,2.65,0.9188,0.36,0.3,0.4373
3.2,2.65,0.9188,0.36,0.3,0.4373
3.3,2.65,0.9188,0.36,0.3,0.4373
3.4,2.65,0.9188,0.36,0.3,0.4373
3.5,2.65,0.9188,0.36,0.3,0.4373
3.6,2.65,0.9188,0.36,0.3,0.4373
3.7,2.65,0.9188,0.36,0.3,0.4373
3.8,2.65,0.9188,0.36,0.3,0.4373
3.9,2.65,0.9188,0.36,0.3,0.4373
4,2.65,0.9188,0.36,0.3,0.4373
4.1,2.65,0.9188,0.36,0.3,0.4373
4.2,2.65,0.9188,0.36,0.3,0.4373
4.3,2.65,0.9188,0.36,0.3,0.4373
4.4,2.65,0.9188,0.36,0.3,0.4373
4.5,2.65,0.9188,0.36,0.3,0.4373
4.6,2.65,0.9188,0.36,0.3,0.4373
4.7,2.65,0.9188,0.36,0.3,0.4373
4.8,2.65,0.9188,0.36,0.3,0.4373
4.9,2.65,0.9188,0.36,0.3,0.4373
5,2.65,0.9188,0.36,0.3,0.4373
5.1,2.65,0.9188,0.36,0.3,0.4373
5.2,2.65,0.9188,0.36,0.3,0.4373
5.3,2.65,0.9188,0.36,0.3,0.4373
5.4,2.65,0.9188,0.36,0.3,0.4373
5.5,2.65,0.9188,0.36,0.3,0.4373
5.6,2.65,0.9188,0.36,0.3,0.4373
5.7,2.65,0.9188,0.36,0.3,0.4373
5.8,2.65,0.9188,0.36,0.3,0.4373
5.9,2.65,0.9188,0.36,0.3,0.4373
6,2.65,0.9188,0.36,0.3,0.4373
6.1,2.65,0.9188,0.36,0.3,0.4373
6.2,2.65,0.9188,0.36,0.3,0.4373
6.3,2.65,0.9188,0.36,0.3,0.4373
6.4,2.65,0.9188,0.36,0.3,0.4373
6.5,2.65,0.9188,0.36,0.3,0.4373
6.6,2.65,0.9188,0.36,0.3,0.4373
6.7,2.65,0.9188,0.36,0.3,0.4373
6.8,2.65,0.9188,0.36,0.3,0.4373
6.9,2.65,0.9188,0.36,0.3,0.4373
7,2.65,0.9188,0.36,0.3,0.4373
7.1,2.65,0.9188,0.36,0.3,0.4373
7.2,2.65,0.9188,0.36,0.3,0.4373
7.3,2.65,0.9188,0.36,0.3,0.4373
7.4,2.65,0.9188,0.36,0.3,0.4373
7.5,2.65,0.9188,0.36,0.3,0.4373
7.6,2.65,0.9188,0.36,0.3,0.4373
7.7,2.65,0.9188,0.36,0.3,0.4373
7.8,2.65,0.9188,0.36,0.3,0.4373
7.9,2.65,0.9188,0.36,0.3,0.4373
8,2.65,0.9188,0.36,0.3,0.4373
8.1,2.65,0.9188,0.36,0.3,0.4373
8.2,2.65,0.9188,0.36,0.3,0.4373
8.3,2.65,0.9188,0.36,0.3,0.4373
8.4,2.65,0.9188,0.36,0.3,0.4373
8.5,2.65,0.9188,0.36,0.3,0.4373
8.6,2.65,0.9188,0.36,0.3,0.4373
8.7,2.65,0.9188,0.36,0.3,0.4373
8.8,2.65,0.9188,0.36,0.3,0.4373
8.9,2.65,0.9188,0.36,0.3,0.4373
9,2.65,0.9188,0.36,0.3,0.4373
9.1,2.65,0.9188,0.36,0.3,0.4373
9.2,2.65,0.9188,0.36,0.3,0.4373
9.3,2.65,0.9188,0.36,0.3,0.4373
9.4,2.65,0.9188,0.36,0.3,0.4373
9.5,2.65,0.9188,0.36,0.3,0.4373
9.6,2.65,0.9188,0.36,0.3,0.4373
9.7,2.65,0.9188,0.36,0.3,0.4373
9.8,2.65,0.9188,0.36,0.3,0.4373
9.9,2.65,0.9188,0.36,0.3,0.4373
10,2.65,0.9188,0.36,0.3,0.4373
10.1,2.65,0.9188,0.36,0.3,0.4373
10.2,2.65,0.9188,0.36,0.3,0.4373
10.3,2.65,0.9188,0.36,0.3,0.4373
10.4,2.65,0.9188,0.36,0.3,0.4373
10.5,2.65,0.9188,0.36,0.3,0.4373
10.6,2.65,0.9188,0.36,0.3,0.4373
10.7,2.65,0.9188,0.36,0.3,0.4373
10.8,2.65,0.9188,0.36,0.3,0.4373
10.9,2.65,0.9188,0.36,0.3,0.4373
11,2.65,0.9188,0.36,0.3,0.4373
11.1,2.65,0.9188,0.36,0.3,0.4373
11.2,2.65,0.9188,0.36,0.3,0.4373
11.3,2.65,0.9188,0.36,0.3,0.4373
11.4,2.65,0.9188,0.36,0.3,0.4373
11.5,2.65,0.9188,0.36,0.3,0.4373
11.6,2.65,0.9188,0.36,0.3,0.4373
11.7,2.65,0.9188,0.36,0.3,0.4373
11.8,2.65,0.9188,0.36,0.3,0.4373
11.9,2.65,0.9188,0.36,0.3,0.4373
12,2.65,0.9188,0.36,0.3,0.4373
12.1,2.65,0.9188,0.36,0.3,0.4373
12.2,2.65,0.9188,0.36,0.3,0.4373
12.3,2.65,0.9188,0.36,0.3,0.4373
12.4,2.65,0.9188,0.36,0.3,0.4373
12.5,2.65,0.9188,0.36,0.3,0.4373
12.6,2.65,0.9188,0.36,0.3,0.4373
12.7,2.65,0.9188,0.36,0.3,0.4373
12.8,2.65,0.9188,0.36,0.3,0.4373
12.9,2.65,0.9188,0.36,0.3,0.4373
13,2.65,0.9188,0.36,0.3,0.4373
13.1,2.65,0.9188,0.36,0.3,0.4373
13.2,2.65,0.9188,0.36,0.3,0.4373
13.3,2.65,0.9188,0.36,0.3,0.4373
13.4,2.65,0.9188,0.36,0.3,0.4373
13.5,2.65,0.9188,0.36,0.3,0.4373
13.6,2.65,0.9188,0.36,0.3,0.4373
13.7,2.65,0.9188,0.36,0.3,0.4373
13.8,2.65,0.9188,0.36,0.3,0.4373
13.9,2.65,0.9188,0.36,0.3,0.4373
14,2.65,0.9188,0.36,0.3,0.4373
14.1,2.65,0.9188,0.36,0.3,0.4373
14.2,2.65,0.9188,0.36,0.3,0.4373
14.3,2.65,0.9188,0.36,0.3,0.4373
14.4,2.65,0.9188,0.36,0.3,0.4373
14.5,2.65,0.9188,0.36,0.3,0.4373
14.6,2.65,0.9188,0.36,0.3,0.4373
14.7,2.65,0.9188,0.36,0.3,0.4373
14.8,2.65,0.9188,0.36,0.3,0.4373
14.9,2.65,0.9188,0.36,0.3,0.4373
15,2.65,0.9188,0.36,0.3,0.4373
15.1,2.65,0.9188,0.36,0.3,0.4373
15.2,2.65,0.9188,0.36,0.3,0.4373
15.3,2.65,0.9188,0.36,0.3,0.4373
15.4,2.65,0.9188,0.36,0.3,0.4373
15.5,2.65,0.9188,0.36,0.3,0.4373
15.6,2.65,0.9188,0.36,0.3,0.4373
15.7,2.65,0.9188,0.36,0.3,0.4373
15.8,2.65,0.9188,0.36,0.3,0.4373
15.9,2.65,0.9188,0.36,0.3,0.4373
16,2.65,0.9188,0.36,0.3,0.4373
16.1,2.65,0.9188,0.36,0.3,0.4373
16.2,2.65,0.9188,0.36,0.3,0.4373
16.3,2.65,0.9188,0.36,0.3,0.4373
16.4,2.65,0.9188,0.36,0.3,0.4373
16.5,2.65,0.9188,0.36,0.3,0.4373
16.6,2.65,0.9188,0.36,0.3,0.4373
16.7,2.65,0.9188,0.36,0.3,0.4373
16.8,2.65,0.9188,0.36,0.3,0.4373
16.9,2.65,0.9188,0.36,0.3,0.4373
17,2.65,0.9188,0.36,0.3,0.4373
17.1,2.65,0.9188,0.36,0.3,0.4373
17.2,2.65,0.9188,0.36,0.3,0.4373
17.3,2.65,0.9188,0.36,0.3,0.4373
17.4,2.65,0.9188,0.36,0.3,0.4373
17.5,2.65,0.9188,0.36,0.3,0.4373
17.6,2.65,0.9188,0.36,0.3,0.4373
17.7,2.65,0.9188,0.36,0.3,0.4373
17.8,2.65,0.9188,0.36,0.3,0.4373
17.9,2.65,0.9188,0.36,0.3,0.4373
18,2.65,0.9188,0.36,0.3,0.4373
18.1,2.65,0.9188,0.36,0.3,0.4373
18.2,2.65,0.9188,0.36,0.3,0.4373
18.3,2.65,0.9188,0.36,0.3,0.4373
18.4,2.65,0.9188,0.36,0.3,0.4373
18.5,2.65,0.9188,0.36,0.3,0.4373
18.6,2.65,0.9188,0.36,0.3,0.4373
18.7,2.65,0.9188,0.36,0.3,0.4373
18.8,2.65,0.9188,0.36,0.3,0.4373
18.9,2.65,0.9188,0.36,0.3,0.4373
19,2.65,0.9188,0.36,0.3,0.4373
19.1,2.65,0.9188,0.36,0.3,0.4373
19.2,2.65,0.9188,0.36,0.3,0.4373
19.3,2.65,0.9188,0.36,0.3,0.4373
19.4,2.65,0.9188,0.36,0.3,0.4373
19.5,2.65,0.9188,0.36,0.3,0.4373
19.6,2.65,0.9188,0.36,0.3,0.4373
19.7,2.65,0.9188,0.36,0.3,0.4373
19.8,2.65,0.9188,0.36,0.3,0.4373
19.9,2.65,0.9188,0.36,0.3,0.4373
20,2.65,0.9188,0.36,0.3,0.4373
20.1,2.65,0.9188,0.36,0.3,0.4373
20.2,2.65,0.9188,0.36,0.3,0.4373
20.3,2.65,0.9188,0.36,0.3,0.4373
20.4,2.65,0.9188,0.36,0.3,0.4373
20.5,2.65,0.9188,0.36,0.3,0.4373
20.6,2.65,0.9188,0.36,0.3,0.4373
20.7,2.65,0.9188,0.36,0.3,0.4373
20.8,2.65,0.9188,0.36,0.3,0.4373
20.9,2.65,0.9188,0.36,0.3,0.4373
21,2.65,0.9188,0.36,0.3,0.4373
21.1,2.65,0.9188,0.36,0.3,0.4373
21.2,2.65,0.9188,0.36,0.3,0.4373
21.3,2.65,0.9188,0.36,0.3,0.4373
21.4,2.65,0.9188,0.36,0.3,0.4373
21.5,2.65,0.9188,0.36,0.3,0.4373
21.6,2.65,0.9188,0.36,0.3,0.4373
21.7,2.65,0.9188,0.36,0.3,0.4373
21.8,2.65,0.9188,0.36,0.3,0.4373
21.9,2.65,0.9188,0.36,0.3,0.4373
22,2.65,0.9188,0.36,0.3,0.4373
22.1,2.65,0.9188,0.36,0.3,0.4373
22.2,2.65,0.9188,0.36,0.3,0.4373
22.3,2.65,0.9188,0.36,0.3,0.4373
0.5,2.66,0.9188,0.36,0.3,0.439
0.6,2.66,0.9188,0.36,0.3,0.439
0.7,2.66,0.9188,0.36,0.3,0.439
0.8,2.66,0.9188,0.36,0.3,0.439
0.9,2.66,0.9188,0.36,0.3,0.439
1,2.66,0.9188,0.36,0.3,0.439
1.1,2.66,0.9188,0.36,0.3,0.439
1.2,2.66,0.9188,0.36,0.3,0.439
1.3,2.66,0.9188,0.36,0.3,0.439
1.4,2.66,0.9188,0.36,0.3,0.439
1.5,2.66,0.9188,0.36,0.3,0.439
1.6,2.66,0.9188,0.36,0.3,0.439
1.7,2.66,0.9188,0.36,0.3,0.439
1.8,2.66,0.9188,0.36,0.3,0.439
1.9,2.66,0.9188,0.36,0.3,0.439
2,2.66,0.9188,0.36,0.3,0.439
2.1,2.66,0.9188,0.36,0.3,0.439
2.2,2.66,0.9188,0.36,0.3,0.439
2.3,2.66,0.9188,0.36,0.3,0.439
2.4,2.66,0.9188,0.36,0.3,0.439
2.5,2.66,0.9188,0.36,0.3,0.439
2.6,2.66,0.9188,0.36,0.3,0.439
2.7,2.66,0.9188,0.36,0.3,0.439
2.8,2.66,0.9188,0.36,0.3,0.439
2.9,2.66,0.9188,0.36,0.3,0.439
3,2.66,0.9188,0.36,0.3,0.439
3.1,2.66,0.9188,0.36,0.3,0.439
3.2,2.66,0.9188,0.36,0.3,0.439
3.3,2.66,0.9188,0.36,0.3,0.439
3.4,2.66,0.9188,0.36,0.3,0.439
3.5,2.66,0.9188,0.36,0.3,0.439
3.6,2.66,0.9188,0.36,0.3,0.439
3.7,2.66,0.9188,0.36,0.3,0.439
3.8,2.66,0.9188,0.36,0.3,0.439
3.9,2.66,0.9188,0.36,0.3,0.439
4,2.66,0.9188,0.36,0.3,0.439
4.1,2.66,0.9188,0.36,0.3,0.439
4.2,2.66,0.9188,0.36,0.3,0.439
4.3,2.66,0.9188,0.36,0.3,0.439
4.4,2.66,0.9188,0.36,0.3,0.439
4.5,2.66,0.9188,0.36,0.3,0.439
4.6,2.66,0.9188,0.36,0.3,0.439
4.7,2.66,0.9188,0.36,0.3,0.439
4.8,2.66,0.9188,0.36,0.3,0.439
4.9,2.66,0.9188,0.36,0.3,0.439
5,2.66,0.9188,0.36,0.3,0.439
5.1,2.66,0.9188,0.36,0.3,0.439
5.2,2.66,0.9188,0.36,0.3,0.439
5.3,2.66,0.9188,0.36,0.3,0.439
5.4,2.66,0.9188,0.36,0.3,0.439
5.5,2.66,0.9188,0.36,0.3,0.439
5.6,2.66,0.9188,0.36,0.3,0.439
5.7,2.66,0.9188,0.36,0.3,0.439
5.8,2.66,0.9188,0.36,0.3,0.439
5.9,2.66,0.9188,0.36,0.3,0.439
6,2.66,0.9188,0.36,0.3,0.439
6.1,2.66,0.9188,0.36,0.3,0.439
6.2,2.66,0.9188,0.36,0.3,0.439
6.3,2.66,0.9188,0.36,0.3,0.439
6.4,2.66,0.9188,0.36,0.3,0.439
6.5,2.66,0.9188,0.36,0.3,0.439
6.6,2.66,0.9188,0.36,0.3,0.439
6.7,2.66,0.9188,0.36,0.3,0.439
6.8,2.66,0.9188,0.36,0.3,0.439
6.9,2.66,0.9188,0.36,0.3,0.439
7,2.66,0.9188,0.36,0.3,0.439
7.1,2.66,0.9188,0.36,0.3,0.439
7.2,2.66,0.9188,0.36,0.3,0.439
7.3,2.66,0.9188,0.36,0.3,0.439
7.4,2.66,0.9188,0.36,0.3,0.439
7.5,2.66,0.9188,0.36,0.3,0.439
7.6,2.66,0.9188,0.36,0.3,0.439
7.7,2.66,0.9188,0.36,0.3,0.439
7.8,2.66,0.9188,0.36,0.3,0.439
7.9,2.66,0.9188,0.36,0.3,0.439
8,2.66,0.9188,0.36,0.3,0.439
8.1,2.66,0.9188,0.36,0.3,0.439
8.2,2.66,0.9188,0.36,0.3,0.439
8.3,2.66,0.9188,0.36,0.3,0.439
8.4,2.66,0.9188,0.36,0.3,0.439
8.5,2.66,0.9188,0.36,0.3,0.439
8.6,2.66,0.9188,0.36,0.3,0.439
8.7,2.66,0.9188,0.36,0.3,0.439
8.8,2.66,0.9188,0.36,0.3,0.439
8.9,2.66,0.9188,0.36,0.3,0.439
9,2.66,0.9188,0.36,0.3,0.439
9.1,2.66,0.9188,0.36,0.3,0.439
9.2,2.66,0.9188,0.36,0.3,0.439
9.3,2.66,0.9188,0.36,0.3,0.439
9.4,2.66,0.9188,0.36,0.3,0.439
9.5,2.66,0.9188,0.36,0.3,0.439
9.6,2.66,0.9188,0.36,0.3,0.439
9.7,2.66,0.9188,0.36,0.3,0.439
9.8,2.66,0.9188,0.36,0.3,0.439
9.9,2.66,0.9188,0.36,0.3,0.439
10,2.66,0.9188,0.36,0.3,0.439
10.1,2.66,0.9188,0.36,0.3,0.439
10.2,2.66,0.9188,0.36,0.3,0.439
10.3,2.66,0.9188,0.36,0.3,0.439
10.4,2.66,0.9188,0.36,0.3,0.439
10.5,2.66,0.9188,0.36,0.3,0.439
10.6,2.66,0.9188,0.36,0.3,0.439
10.7,2.66,0.9188,0.36,0.3,0.439
10.8,2.66,0.9188,0.36,0.3,0.439
10.9,2.66,0.9188,0.36,0.3,0.439
11,2.66,0.9188,0.36,0.3,0.439
11.1,2.66,0.9188,0.36,0.3,0.439
11.2,2.66,0.9188,0.36,0.3,0.439
11.3,2.66,0.9188,0.36,0.3,0.439
11.4,2.66,0.9188,0.36,0.3,0.439
11.5,2.66,0.9188,0.36,0.3,0.439
11.6,2.66,0.9188,0.36,0.3,0.439
11.7,2.66,0.9188,0.36,0.3,0.439
11.8,2.66,0.9188,0.36,0.3,0.439
11.9,2.66,0.9188,0.36,0.3,0.439
12,2.66,0.9188,0.36,0.3,0.439
12.1,2.66,0.9188,0.36,0.3,0.439
12.2,2.66,0.9188,0.36,0.3,0.439
12.3,2.66,0.9188,0.36,0.3,0.439
12.4,2.66,0.9188,0.36,0.3,0.439
12.5,2.66,0.9188,0.36,0.3,0.439
12.6,2.66,0.9188,0.36,0.3,0.439
12.7,2.66,0.9188,0.36,0.3,0.439
12.8,2.66,0.9188,0.36,0.3,0.439
12.9,2.66,0.9188,0.36,0.3,0.439
13,2.66,0.9188,0.36,0.3,0.439
13.1,2.66,0.9188,0.36,0.3,0.439
13.2,2.66,0.9188,0.36,0.3,0.439
13.3,2.66,0.9188,0.36,0.3,0.439
13.4,2.66,0.9188,0.36,0.3,0.439
13.5,2.66,0.9188,0.36,0.3,0.439
13.6,2.66,0.9188,0.36,0.3,0.439
13.7,2.66,0.9188,0.36,0.3,0.439
13.8,2.66,0.9188,0.36,0.3,0.439
13.9,2.66,0.9188,0.36,0.3,0.439
14,2.66,0.9188,0.36,0.3,0.439
14.1,2.66,0.9188,0.36,0.3,0.439
14.2,2.66,0.9188,0.36,0.3,0.439
14.3,2.66,0.9188,0.36,0.3,0.439
14.4,2.66,0.9188,0.36,0.3,0.439
14.5,2.66,0.9188,0.36,0.3,0.439
14.6,2.66,0.9188,0.36,0.3,0.439
14.7,2.66,0.9188,0.36,0.3,0.439
14.8,2.66,0.9188,0.36,0.3,0.439
14.9,2.66,0.9188,0.36,0.3,0.439
15,2.66,0.9188,0.36,0.3,0.439
15.1,2.66,0.9188,0.36,0.3,0.439
15.2,2.66,0.9188,0.36,0.3,0.439
15.3,2.66,0.9188,0.36,0.3,0.439
15.4,2.66,0.9188,0.36,0.3,0.439
15.5,2.66,0.9188,0.36,0.3,0.439
15.6,2.66,0.9188,0.36,0.3,0.439
15.7,2.66,0.9188,0.36,0.3,0.439
15.8,2.66,0.9188,0.36,0.3,0.439
15.9,2.66,0.9188,0.36,0.3,0.439
16,2.66,0.9188,0.36,0.3,0.439
16.1,2.66,0.9188,0.36,0.3,0.439
16.2,2.66,0.9188,0.36,0.3,0.439
16.3,2.66,0.9188,0.36,0.3,0.439
16.4,2.66,0.9188,0.36,0.3,0.439
16.5,2.66,0.9188,0.36,0.3,0.439
16.6,2.66,0.9188,0.36,0.3,0.439
16.7,2.66,0.9188,0.36,0.3,0.439
16.8,2.66,0.9188,0.36,0.3,0.439
16.9,2.66,0.9188,0.36,0.3,0.439
17,2.66,0.9188,0.36,0.3,0.439
17.1,2.66,0.9188,0.36,0.3,0.439
17.2,2.66,0.9188,0.36,0.3,0.439
17.3,2.66,0.9188,0.36,0.3,0.439
17.4,2.66,0.9188,0.36,0.3,0.439
17.5,2.66,0.9188,0.36,0.3,0.439
17.6,2.66,0.9188,0.36,0.3,0.439
17.7,2.66,0.9188,0.36,0.3,0.439
17.8,2.66,0.9188,0.36,0.3,0.439
17.9,2.66,0.9188,0.36,0.3,0.439
18,2.66,0.9188,0.36,0.3,0.439
18.1,2.66,0.9188,0.36,0.3,0.439
18.2,2.66,0.9188,0.36,0.3,0.439
18.3,2.66,0.9188,0.36,0.3,0.439
18.4,2.66,0.9188,0.36,0.3,0.439
18.5,2.66,0.9188,0.36,0.3,0.439
18.6,2.66,0.9188,0.36,0.3,0.439
18.7,2.66,0.9188,0.36,0.3,0.439
18.8,2.66,0.9188,0.36,0.3,0.439
18.9,2.66,0.9188,0.36,0.3,0.439
19,2.66,0.9188,0.36,0.3,0.439
19.1,2.66,0.9188,0.36,0.3,0.439
19.2,2.66,0.9188,0.36,0.3,0.439
19.3,2.66,0.9188,0.36,0.3,0.439
19.4,2.66,0.9188,0.36,0.3,0.439
19.5,2.66,0.9188,0.36,0.3,0.439
19.6,2.66,0.9188,0.36,0.3,0.439
19.7,2.66,0.9188,0.36,0.3,0.439
19.8,2.66,0.9188,0.36,0.3,0.439
19.9,2.66,0.9188,0.36,0.3,0.439
20,2.66,0.9188,0.36,0.3,0.439
20.1,2.66,0.9188,0.36,0.3,0.439
20.2,2.66,0.9188,0.36,0.3,0.439
20.3,2.66,0.9188,0.36,0.3,0.439
20.4,2.66,0.9188,0.36,0.3,0.439
20.5,2.66,0.9188,0.36,0.3,0.439
20.6,2.66,0.9188,0.36,0.3,0.439
20.7,2.66,0.9188,0.36,0.3,0.439
20.8,2.66,0.9188,0.36,0.3,0.439
20.9,2.66,0.9188,0.36,0.3,0.439
21,2.66,0.9188,0.36,0.3,0.439
21.1,2.66,0.9188,0.36,0.3,0.439
21.2,2.66,0.9188,0.36,0.3,0.439
21.3,2.66,0.9188,0.36,0.3,0.439
21.4,2.66,0.9188,0.36,0.3,0.439
21.5,2.66,0.9188,0.36,0.3,0.439
21.6,2.66,0.9188,0.36,0.3,0.439
21.7,2.66,0.9188,0.36,0.3,0.439
21.8,2.66,0.9188,0.36,0.3,0.439
21.9,2.66,0.9188,0.36,0.3,0.439
22,2.66,0.9188,0.36,0.3,0.439
22.1,2.66,0.9188,0.36,0.3,0.439
22.2,2.66,0.9188,0.36,0.3,0.439
22.3,2.66,0.9188,0.36,0.3,0.439
0.5,2.71,1.0163,0.36,0.3,0.447
0.6,2.71,1.0163,0.36,0.3,0.447
0.7,2.71,1.0163,0.36,0.3,0.447
0.8,2.71,1.0163,0.36,0.3,0.447
0.9,2.71,1.0163,0.36,0.3,0.447
1,2.71,1.0163,0.36,0.3,0.447
1.1,2.71,1.0163,0.36,0.3,0.447
1.2,2.71,1.0163,0.36,0.3,0.447
1.3,2.71,1.0163,0.36,0.3,0.447
1.4,2.71,1.0163,0.36,0.3,0.447
1.5,2.71,1.0163,0.36,0.3,0.447
1.6,2.71,1.0163,0.36,0.3,0.447
1.7,2.71,1.0163,0.36,0.3,0.447
1.8,2.71,1.0163,0.36,0.3,0.447
1.9,2.71,1.0163,0.36,0.3,0.447
2,2.71,1.0163,0.36,0.3,0.447
2.1,2.71,1.0163,0.36,0.3,0.447
2.2,2.71,1.0163,0.36,0.3,0.447
2.3,2.71,1.0163,0.36,0.3,0.447
2.4,2.71,1.0163,0.36,0.3,0.447
2.5,2.71,1.0163,0.36,0.3,0.447
2.6,2.71,1.0163,0.36,0.3,0.447
2.7,2.71,1.0163,0.36,0.3,0.447
2.8,2.71,1.0163,0.36,0.3,0.447
2.9,2.71,1.0163,0.36,0.3,0.447
3,2.71,1.0163,0.36,0.3,0.447
3.1,2.71,1.0163,0.36,0.3,0.447
3.2,2.71,1.0163,0.36,0.3,0.447
3.3,2.71,1.0163,0.36,0.3,0.447
3.4,2.71,1.0163,0.36,0.3,0.447
3.5,2.71,1.0163,0.36,0.3,0.447
3.6,2.71,1.0163,0.36,0.3,0.447
3.7,2.71,1.0163,0.36,0.3,0.447
3.8,2.71,1.0163,0.36,0.3,0.447
3.9,2.71,1.0163,0.36,0.3,0.447
4,2.71,1.0163,0.36,0.3,0.447
4.1,2.71,1.0163,0.36,0.3,0.447
4.2,2.71,1.0163,0.36,0.3,0.447
4.3,2.71,1.0163,0.36,0.3,0.447
4.4,2.71,1.0163,0.36,0.3,0.447
4.5,2.71,1.0163,0.36,0.3,0.447
4.6,2.71,1.0163,0.36,0.3,0.447
4.7,2.71,1.0163,0.36,0.3,0.447
4.8,2.71,1.0163,0.36,0.3,0.447
4.9,2.71,1.0163,0.36,0.3,0.447
5,2.71,1.0163,0.36,0.3,0.447
5.1,2.71,1.0163,0.36,0.3,0.447
5.2,2.71,1.0163,0.36,0.3,0.447
5.3,2.71,1.0163,0.36,0.3,0.447
5.4,2.71,1.0163,0.36,0.3,0.447
5.5,2.71,1.0163,0.36,0.3,0.447
5.6,2.71,1.0163,0.36,0.3,0.447
5.7,2.71,1.0163,0.36,0.3,0.447
5.8,2.71,1.0163,0.36,0.3,0.447
5.9,2.71,1.0163,0.36,0.3,0.447
6,2.71,1.0163,0.36,0.3,0.447
6.1,2.71,1.0163,0.36,0.3,0.447
6.2,2.71,1.0163,0.36,0.3,0.447
6.3,2.71,1.0163,0.36,0.3,0.447
6.4,2.71,1.0163,0.36,0.3,0.447
6.5,2.71,1.0163,0.36,0.3,0.447
6.6,2.71,1.0163,0.36,0.3,0.447
6.7,2.71,1.0163,0.36,0.3,0.447
6.8,2.71,1.0163,0.36,0.3,0.447
6.9,2.71,1.0163,0.36,0.3,0.447
7,2.71,1.0163,0.36,0.3,0.447
7.1,2.71,1.0163,0.36,0.3,0.447
7.2,2.71,1.0163,0.36,0.3,0.447
7.3,2.71,1.0163,0.36,0.3,0.447
7.4,2.71,1.0163,0.36,0.3,0.447
7.5,2.71,1.0163,0.36,0.3,0.447
7.6,2.71,1.0163,0.36,0.3,0.447
7.7,2.71,1.0163,0.36,0.3,0.447
7.8,2.71,1.0163,0.36,0.3,0.447
7.9,2.71,1.0163,0.36,0.3,0.447
8,2.71,1.0163,0.36,0.3,0.447
8.1,2.71,1.0163,0.36,0.3,0.447
8.2,2.71,1.0163,0.36,0.3,0.447
8.3,2.71,1.0163,0.36,0.3,0.447
8.4,2.71,1.0163,0.36,0.3,0.447
8.5,2.71,1.0163,0.36,0.3,0.447
8.6,2.71,1.0163,0.36,0.3,0.447
8.7,2.71,1.0163,0.36,0.3,0.447
8.8,2.71,1.0163,0.36,0.3,0.447
8.9,2.71,1.0163,0.36,0.3,0.447
9,2.71,1.0163,0.36,0.3,0.447
9.1,2.71,1.0163,0.36,0.3,0.447
9.2,2.71,1.0163,0.36,0.3,0.447
9.3,2.71,1.0163,0.36,0.3,0.447
9.4,2.71,1.0163,0.36,0.3,0.447
9.5,2.71,1.0163,0.36,0.3,0.447
9.6,2.71,1.0163,0.36,0.3,0.447
9.7,2.71,1.0163,0.36,0.3,0.447
9.8,2.71,1.0163,0.36,0.3,0.447
9.9,2.71,1.0163,0.36,0.3,0.447
10,2.71,1.0163,0.36,0.3,0.447
10.1,2.71,1.0163,0.36,0.3,0.447
10.2,2.71,1.0163,0.36,0.3,0.447
10.3,2.71,1.0163,0.36,0.3,0.447
10.4,2.71,1.0163,0.36,0.3,0.447
10.5,2.71,1.0163,0.36,0.3,0.447
10.6,2.71,1.0163,0.36,0.3,0.447
10.7,2.71,1.0163,0.36,0.3,0.447
10.8,2.71,1.0163,0.36,0.3,0.447
10.9,2.71,1.0163,0.36,0.3,0.447
11,2.71,1.0163,0.36,0.3,0.447
11.1,2.71,1.0163,0.36,0.3,0.447
11.2,2.71,1.0163,0.36,0.3,0.447
11.3,2.71,1.0163,0.36,0.3,0.447
11.4,2.71,1.0163,0.36,0.3,0.447
11.5,2.71,1.0163,0.36,0.3,0.447
11.6,2.71,1.0163,0.36,0.3,0.447
11.7,2.71,1.0163,0.36,0.3,0.447
11.8,2.71,1.0163,0.36,0.3,0.447
11.9,2.71,1.0163,0.36,0.3,0.447
12,2.71,1.0163,0.36,0.3,0.447
12.1,2.71,1.0163,0.36,0.3,0.447
12.2,2.71,1.0163,0.36,0.3,0.447
12.3,2.71,1.0163,0.36,0.3,0.447
12.4,2.71,1.0163,0.36,0.3,0.447
12.5,2.71,1.0163,0.36,0.3,0.447
12.6,2.71,1.0163,0.36,0.3,0.447
12.7,2.71,1.0163,0.36,0.3,0.447
12.8,2.71,1.0163,0.36,0.3,0.447
12.9,2.71,1.0163,0.36,0.3,0.447
13,2.71,1.0163,0.36,0.3,0.447
13.1,2.71,1.0163,0.36,0.3,0.447
13.2,2.71,1.0163,0.36,0.3,0.447
13.3,2.71,1.0163,0.36,0.3,0.447
13.4,2.71,1.0163,0.36,0.3,0.447
13.5,2.71,1.0163,0.36,0.3,0.447
13.6,2.71,1.0163,0.36,0.3,0.447
13.7,2.71,1.0163,0.36,0.3,0.447
13.8,2.71,1.0163,0.36,0.3,0.447
13.9,2.71,1.0163,0.36,0.3,0.447
14,2.71,1.0163,0.36,0.3,0.447
14.1,2.71,1.0163,0.36,0.3,0.447
14.2,2.71,1.0163,0.36,0.3,0.447
14.3,2.71,1.0163,0.36,0.3,0.447
14.4,2.71,1.0163,0.36,0.3,0.447
14.5,2.71,1.0163,0.36,0.3,0.447
14.6,2.71,1.0163,0.36,0.3,0.447
14.7,2.71,1.0163,0.36,0.3,0.447
14.8,2.71,1.0163,0.36,0.3,0.447
14.9,2.71,1.0163,0.36,0.3,0.447
15,2.71,1.0163,0.36,0.3,0.447
15.1,2.71,1.0163,0.36,0.3,0.447
15.2,2.71,1.0163,0.36,0.3,0.447
15.3,2.71,1.0163,0.36,0.3,0.447
15.4,2.71,1.0163,0.36,0.3,0.447
15.5,2.71,1.0163,0.36,0.3,0.447
15.6,2.71,1.0163,0.36,0.3,0.447
15.7,2.71,1.0163,0.36,0.3,0.447
15.8,2.71,1.0163,0.36,0.3,0.447
15.9,2.71,1.0163,0.36,0.3,0.447
16,2.71,1.0163,0.36,0.3,0.447
16.1,2.71,1.0163,0.36,0.3,0.447
16.2,2.71,1.0163,0.36,0.3,0.447
16.3,2.71,1.0163,0.36,0.3,0.447
16.4,2.71,1.0163,0.36,0.3,0.447
16.5,2.71,1.0163,0.36,0.3,0.447
16.6,2.71,1.0163,0.36,0.3,0.447
16.7,2.71,1.0163,0.36,0.3,0.447
16.8,2.71,1.0163,0.36,0.3,0.447
16.9,2.71,1.0163,0.36,0.3,0.447
17,2.71,1.0163,0.36,0.3,0.447
17.1,2.71,1.0163,0.36,0.3,0.447
17.2,2.71,1.0163,0.36,0.3,0.447
17.3,2.71,1.0163,0.36,0.3,0.447
17.4,2.71,1.0163,0.36,0.3,0.447
17.5,2.71,1.0163,0.36,0.3,0.447
17.6,2.71,1.0163,0.36,0.3,0.447
17.7,2.71,1.0163,0.36,0.3,0.447
17.8,2.71,1.0163,0.36,0.3,0.447
17.9,2.71,1.0163,0.36,0.3,0.447
18,2.71,1.0163,0.36,0.3,0.447
18.1,2.71,1.0163,0.36,0.3,0.447
18.2,2.71,1.0163,0.36,0.3,0.447
18.3,2.71,1.0163,0.36,0.3,0.447
18.4,2.71,1.0163,0.36,0.3,0.447
18.5,2.71,1.0163,0.36,0.3,0.447
18.6,2.71,1.0163,0.36,0.3,0.447
18.7,2.71,1.0163,0.36,0.3,0.447
18.8,2.71,1.0163,0.36,0.3,0.447
18.9,2.71,1.0163,0.36,0.3,0.447
19,2.71,1.0163,0.36,0.3,0.447
19.1,2.71,1.0163,0.36,0.3,0.447
19.2,2.71,1.0163,0.36,0.3,0.447
19.3,2.71,1.0163,0.36,0.3,0.447
19.4,2.71,1.0163,0.36,0.3,0.447
19.5,2.71,1.0163,0.36,0.3,0.447
19.6,2.71,1.0163,0.36,0.3,0.447
19.7,2.71,1.0163,0.36,0.3,0.447
19.8,2.71,1.0163,0.36,0.3,0.447
19.9,2.71,1.0163,0.36,0.3,0.447
20,2.71,1.0163,0.36,0.3,0.447
20.1,2.71,1.0163,0.36,0.3,0.447
20.2,2.71,1.0163,0.36,0.3,0.447
20.3,2.71,1.0163,0.36,0.3,0.447
20.4,2.71,1.0163,0.36,0.3,0.447
20.5,2.71,1.0163,0.36,0.3,0.447
20.6,2.71,1.0163,0.36,0.3,0.447
20.7,2.71,1.0163,0.36,0.3,0.447
20.8,2.71,1.0163,0.36,0.3,0.447
20.9,2.71,1.0163,0.36,0.3,0.447
21,2.71,1.0163,0.36,0.3,0.447
21.1,2.71,1.0163,0.36,0.3,0.447
21.2,2.71,1.0163,0.36,0.3,0.447
21.3,2.71,1.0163,0.36,0.3,0.447
21.4,2.71,1.0163,0.36,0.3,0.447
21.5,2.71,1.0163,0.36,0.3,0.447
21.6,2.71,1.0163,0.36,0.3,0.447
21.7,2.71,1.0163,0.36,0.3,0.447
21.8,2.71,1.0163,0.36,0.3,0.447
21.9,2.71,1.0163,0.36,0.3,0.447
22,2.71,1.0163,0.36,0.3,0.447
22.1,2.71,1.0163,0.36,0.3,0.447
22.2,2.71,1.0163,0.36,0.3,0.447
22.3,2.71,1.0163,0.36,0.3,0.447
0.5,2.76,1.0163,0.36,0.3,0.455
0.6,2.76,1.0163,0.36,0.3,0.455
0.7,2.76,1.0163,0.36,0.3,0.455
0.8,2.76,1.0163,0.36,0.3,0.455
0.9,2.76,1.0163,0.36,0.3,0.455
1,2.76,1.0163,0.36,0.3,0.455
1.1,2.76,1.0163,0.36,0.3,0.455
1.2,2.76,1.0163,0.36,0.3,0.455
1.3,2.76,1.0163,0.36,0.3,0.455
1.4,2.76,1.0163,0.36,0.3,0.455
1.5,2.76,1.0163,0.36,0.3,0.455
1.6,2.76,1.0163,0.36,0.3,0.455
1.7,2.76,1.0163,0.36,0.3,0.455
1.8,2.76,1.0163,0.36,0.3,0.455
1.9,2.76,1.0163,0.36,0.3,0.455
2,2.76,1.0163,0.36,0.3,0.455
2.1,2.76,1.0163,0.36,0.3,0.455
2.2,2.76,1.0163,0.36,0.3,0.455
2.3,2.76,1.0163,0.36,0.3,0.455
2.4,2.76,1.0163,0.36,0.3,0.455
2.5,2.76,1.0163,0.36,0.3,0.455
2.6,2.76,1.0163,0.36,0.3,0.455
2.7,2.76,1.0163,0.36,0.3,0.455
2.8,2.76,1.0163,0.36,0.3,0.455
2.9,2.76,1.0163,0.36,0.3,0.455
3,2.76,1.0163,0.36,0.3,0.455
3.1,2.76,1.0163,0.36,0.3,0.455
3.2,2.76,1.0163,0.36,0.3,0.455
3.3,2.76,1.0163,0.36,0.3,0.455
3.4,2.76,1.0163,0.36,0.3,0.455
3.5,2.76,1.0163,0.36,0.3,0.455
3.6,2.76,1.0163,0.36,0.3,0.455
3.7,2.76,1.0163,0.36,0.3,0.455
3.8,2.76,1.0163,0.36,0.3,0.455
3.9,2.76,1.0163,0.36,0.3,0.455
4,2.76,1.0163,0.36,0.3,0.455
4.1,2.76,1.0163,0.36,0.3,0.455
4.2,2.76,1.0163,0.36,0.3,0.455
4.3,2.76,1.0163,0.36,0.3,0.455
4.4,2.76,1.0163,0.36,0.3,0.455
4.5,2.76,1.0163,0.36,0.3,0.455
4.6,2.76,1.0163,0.36,0.3,0.455
4.7,2.76,1.0163,0.36,0.3,0.455
4.8,2.76,1.0163,0.36,0.3,0.455
4.9,2.76,1.0163,0.36,0.3,0.455
5,2.76,1.0163,0.36,0.3,0.455
5.1,2.76,1.0163,0.36,0.3,0.455
5.2,2.76,1.0163,0.36,0.3,0.455
5.3,2.76,1.0163,0.36,0.3,0.455
5.4,2.76,1.0163,0.36,0.3,0.455
5.5,2.76,1.0163,0.36,0.3,0.455
5.6,2.76,1.0163,0.36,0.3,0.455
5.7,2.76,1.0163,0.36,0.3,0.455
5.8,2.76,1.0163,0.36,0.3,0.455
5.9,2.76,1.0163,0.36,0.3,0.455
6,2.76,1.0163,0.36,0.3,0.455
6.1,2.76,1.0163,0.36,0.3,0.455
6.2,2.76,1.0163,0.36,0.3,0.455
6.3,2.76,1.0163,0.36,0.3,0.455
6.4,2.76,1.0163,0.36,0.3,0.455
6.5,2.76,1.0163,0.36,0.3,0.455
6.6,2.76,1.0163,0.36,0.3,0.455
6.7,2.76,1.0163,0.36,0.3,0.455
6.8,2.76,1.0163,0.36,0.3,0.455
6.9,2.76,1.0163,0.36,0.3,0.455
7,2.76,1.0163,0.36,0.3,0.455
7.1,2.76,1.0163,0.36,0.3,0.455
7.2,2.76,1.0163,0.36,0.3,0.455
7.3,2.76,1.0163,0.36,0.3,0.455
7.4,2.76,1.0163,0.36,0.3,0.455
7.5,2.76,1.0163,0.36,0.3,0.455
7.6,2.76,1.0163,0.36,0.3,0.455
7.7,2.76,1.0163,0.36,0.3,0.455
7.8,2.76,1.0163,0.36,0.3,0.455
7.9,2.76,1.0163,0.36,0.3,0.455
8,2.76,1.0163,0.36,0.3,0.455
8.1,2.76,1.0163,0.36,0.3,0.455
8.2,2.76,1.0163,0.36,0.3,0.455
8.3,2.76,1.0163,0.36,0.3,0.455
8.4,2.76,1.0163,0.36,0.3,0.455
8.5,2.76,1.0163,0.36,0.3,0.455
8.6,2.76,1.0163,0.36,0.3,0.455
8.7,2.76,1.0163,0.36,0.3,0.455
8.8,2.76,1.0163,0.36,0.3,0.455
8.9,2.76,1.0163,0.36,0.3,0.455
9,2.76,1.0163,0.36,0.3,0.455
9.1,2.76,1.0163,0.36,0.3,0.455
9.2,2.76,1.0163,0.36,0.3,0.455
9.3,2.76,1.0163,0.36,0.3,0.455
9.4,2.76,1.0163,0.36,0.3,0.455
9.5,2.76,1.0163,0.36,0.3,0.455
9.6,2.76,1.0163,0.36,0.3,0.455
9.7,2.76,1.0163,0.36,0.3,0.455
9.8,2.76,1.0163,0.36,0.3,0.455
9.9,2.76,1.0163,0.36,0.3,0.455
10,2.76,1.0163,0.36,0.3,0.455
10.1,2.76,1.0163,0.36,0.3,0.455
10.2,2.76,1.0163,0.36,0.3,0.455
10.3,2.76,1.0163,0.36,0.3,0.455
10.4,2.76,1.0163,0.36,0.3,0.455
10.5,2.76,1.0163,0.36,0.3,0.455
10.6,2.76,1.0163,0.36,0.3,0.455
10.7,2.76,1.0163,0.36,0.3,0.455
10.8,2.76,1.0163,0.36,0.3,0.455
10.9,2.76,1.0163,0.36,0.3,0.455
11,2.76,1.0163,0.36,0.3,0.455
11.1,2.76,1.0163,0.36,0.3,0.455
11.2,2.76,1.0163,0.36,0.3,0.455
11.3,2.76,1.0163,0.36,0.3,0.455
11.4,2.76,1.0163,0.36,0.3,0.455
11.5,2.76,1.0163,0.36,0.3,0.455
11.6,2.76,1.0163,0.36,0.3,0.455
11.7,2.76,1.0163,0.36,0.3,0.455
11.8,2.76,1.0163,0.36,0.3,0.455
11.9,2.76,1.0163,0.36,0.3,0.455
12,2.76,1.0163,0.36,0.3,0.455
12.1,2.76,1.0163,0.36,0.3,0.455
12.2,2.76,1.0163,0.36,0.3,0.455
12.3,2.76,1.0163,0.36,0.3,0.455
12.4,2.76,1.0163,0.36,0.3,0.455
12.5,2.76,1.0163,0.36,0.3,0.455
12.6,2.76,1.0163,0.36,0.3,0.455
12.7,2.76,1.0163,0.36,0.3,0.455
12.8,2.76,1.0163,0.36,0.3,0.455
12.9,2.76,1.0163,0.36,0.3,0.455
13,2.76,1.0163,0.36,0.3,0.455
13.1,2.76,1.0163,0.36,0.3,0.455
13.2,2.76,1.0163,0.36,0.3,0.455
13.3,2.76,1.0163,0.36,0.3,0.455
13.4,2.76,1.0163,0.36,0.3,0.455
13.5,2.76,1.0163,0.36,0.3,0.455
13.6,2.76,1.0163,0.36,0.3,0.455
13.7,2.76,1.0163,0.36,0.3,0.455
13.8,2.76,1.0163,0.36,0.3,0.455
13.9,2.76,1.0163,0.36,0.3,0.455
14,2.76,1.0163,0.36,0.3,0.455
14.1,2.76,1.0163,0.36,0.3,0.455
14.2,2.76,1.0163,0.36,0.3,0.455
14.3,2.76,1.0163,0.36,0.3,0.455
14.4,2.76,1.0163,0.36,0.3,0.455
14.5,2.76,1.0163,0.36,0.3,0.455
14.6,2.76,1.0163,0.36,0.3,0.455
14.7,2.76,1.0163,0.36,0.3,0.455
14.8,2.76,1.0163,0.36,0.3,0.455
14.9,2.76,1.0163,0.36,0.3,0.455
15,2.76,1.0163,0.36,0.3,0.455
15.1,2.76,1.0163,0.36,0.3,0.455
15.2,2.76,1.0163,0.36,0.3,0.455
15.3,2.76,1.0163,0.36,0.3,0.455
15.4,2.76,1.0163,0.36,0.3,0.455
15.5,2.76,1.0163,0.36,0.3,0.455
15.6,2.76,1.0163,0.36,0.3,0.455
15.7,2.76,1.0163,0.36,0.3,0.455
15.8,2.76,1.0163,0.36,0.3,0.455
15.9,2.76,1.0163,0.36,0.3,0.455
16,2.76,1.0163,0.36,0.3,0.455
16.1,2.76,1.0163,0.36,0.3,0.455
16.2,2.76,1.0163,0.36,0.3,0.455
16.3,2.76,1.0163,0.36,0.3,0.455
16.4,2.76,1.0163,0.36,0.3,0.455
16.5,2.76,1.0163,0.36,0.3,0.455
16.6,2.76,1.0163,0.36,0.3,0.455
16.7,2.76,1.0163,0.36,0.3,0.455
16.8,2.76,1.0163,0.36,0.3,0.455
16.9,2.76,1.0163,0.36,0.3,0.455
17,2.76,1.0163,0.36,0.3,0.455
17.1,2.76,1.0163,0.36,0.3,0.455
17.2,2.76,1.0163,0.36,0.3,0.455
17.3,2.76,1.0163,0.36,0.3,0.455
17.4,2.76,1.0163,0.36,0.3,0.455
17.5,2.76,1.0163,0.36,0.3,0.455
17.6,2.76,1.0163,0.36,0.3,0.455
17.7,2.76,1.0163,0.36,0.3,0.455
17.8,2.76,1.0163,0.36,0.3,0.455
17.9,2.76,1.0163,0.36,0.3,0.455
18,2.76,1.0163,0.36,0.3,0.455
18.1,2.76,1.0163,0.36,0.3,0.455
18.2,2.76,1.0163,0.36,0.3,0.455
18.3,2.76,1.0163,0.36,0.3,0.455
18.4,2.76,1.0163,0.36,0.3,0.455
18.5,2.76,1.0163,0.36,0.3,0.455
18.6,2.76,1.0163,0.36,0.3,0.455
18.7,2.76,1.0163,0.36,0.3,0.455
18.8,2.76,1.0163,0.36,0.3,0.455
18.9,2.76,1.0163,0.36,0.3,0.455
19,2.76,1.0163,0.36,0.3,0.455
19.1,2.76,1.0163,0.36,0.3,0.455
19.2,2.76,1.0163,0.36,0.3,0.455
19.3,2.76,1.0163,0.36,0.3,0.455
19.4,2.76,1.0163,0.36,0.3,0.455
19.5,2.76,1.0163,0.36,0.3,0.455
19.6,2.76,1.0163,0.36,0.3,0.455
19.7,2.76,1.0163,0.36,0.3,0.455
19.8,2.76,1.0163,0.36,0.3,0.455
19.9,2.76,1.0163,0.36,0.3,0.455
20,2.76,1.0163,0.36,0.3,0.455
20.1,2.76,1.0163,0.36,0.3,0.455
20.2,2.76,1.0163,0.36,0.3,0.455
20.3,2.76,1.0163,0.36,0.3,0.455
20.4,2.76,1.0163,0.36,0.3,0.455
20.5,2.76,1.0163,0.36,0.3,0.455
20.6,2.76,1.0163,0.36,0.3,0.455
20.7,2.76,1.0163,0.36,0.3,0.455
20.8,2.76,1.0163,0.36,0.3,0.455
20.9,2.76,1.0163,0.36,0.3,0.455
21,2.76,1.0163,0.36,0.3,0.455
21.1,2.76,1.0163,0.36,0.3,0.455
21.2,2.76,1.0163,0.36,0.3,0.455
21.3,2.76,1.0163,0.36,0.3,0.455
21.4,2.76,1.0163,0.36,0.3,0.455
21.5,2.76,1.0163,0.36,0.3,0.455
21.6,2.76,1.0163,0.36,0.3,0.455
21.7,2.76,1.0163,0.36,0.3,0.455
21.8,2.76,1.0163,0.36,0.3,0.455
21.9,2.76,1.0163,0.36,0.3,0.455
22,2.76,1.0163,0.36,0.3,0.455
22.1,2.76,1.0163,0.36,0.3,0.455
22.2,2.76,1.0163,0.36,0.3,0.455
22.3,2.76,1.0163,0.36,0.3,0.455
0.5,2.81,1.0163,0.36,0.3,0.4637
0.6,2.81,1.0163,0.36,0.3,0.4637
0.7,2.81,1.0163,0.36,0.3,0.4637
0.8,2.81,1.0163,0.36,0.3,0.4637
0.9,2.81,1.0163,0.36,0.3,0.4637
1,2.81,1.0163,0.36,0.3,0.4637
1.1,2.81,1.0163,0.36,0.3,0.4637
1.2,2.81,1.0163,0.36,0.3,0.4637
1.3,2.81,1.0163,0.36,0.3,0.4637
1.4,2.81,1.0163,0.36,0.3,0.4637
1.5,2.81,1.0163,0.36,0.3,0.4637
1.6,2.81,1.0163,0.36,0.3,0.4637
1.7,2.81,1.0163,0.36,0.3,0.4637
1.8,2.81,1.0163,0.36,0.3,0.4637
1.9,2.81,1.0163,0.36,0.3,0.4637
2,2.81,1.0163,0.36,0.3,0.4637
2.1,2.81,1.0163,0.36,0.3,0.4637
2.2,2.81,1.0163,0.36,0.3,0.4637
2.3,2.81,1.0163,0.36,0.3,0.4637
2.4,2.81,1.0163,0.36,0.3,0.4637
2.5,2.81,1.0163,0.36,0.3,0.4637
2.6,2.81,1.0163,0.36,0.3,0.4637
2.7,2.81,1.0163,0.36,0.3,0.4637
2.8,2.81,1.0163,0.36,0.3,0.4637
2.9,2.81,1.0163,0.36,0.3,0.4637
3,2.81,1.0163,0.36,0.3,0.4637
3.1,2.81,1.0163,0.36,0.3,0.4637
3.2,2.81,1.0163,0.36,0.3,0.4637
3.3,2.81,1.0163,0.36,0.3,0.4637
3.4,2.81,1.0163,0.36,0.3,0.4637
3.5,2.81,1.0163,0.36,0.3,0.4637
3.6,2.81,1.0163,0.36,0.3,0.4637
3.7,2.81,1.0163,0.36,0.3,0.4637
3.8,2.81,1.0163,0.36,0.3,0.4637
3.9,2.81,1.0163,0.36,0.3,0.4637
4,2.81,1.0163,0.36,0.3,0.4637
4.1,2.81,1.0163,0.36,0.3,0.4637
4.2,2.81,1.0163,0.36,0.3,0.4637
4.3,2.81,1.0163,0.36,0.3,0.4637
4.4,2.81,1.0163,0.36,0.3,0.4637
4.5,2.81,1.0163,0.36,0.3,0.4637
4.6,2.81,1.0163,0.36,0.3,0.4637
4.7,2.81,1.0163,0.36,0.3,0.4637
4.8,2.81,1.0163,0.36,0.3,0.4637
4.9,2.81,1.0163,0.36,0.3,0.4637
5,2.81,1.0163,0.36,0.3,0.4637
5.1,2.81,1.0163,0.36,0.3,0.4637
5.2,2.81,1.0163,0.36,0.3,0.4637
5.3,2.81,1.0163,0.36,0.3,0.4637
5.4,2.81,1.0163,0.36,0.3,0.4637
5.5,2.81,1.0163,0.36,0.3,0.4637
5.6,2.81,1.0163,0.36,0.3,0.4637
5.7,2.81,1.0163,0.36,0.3,0.4637
5.8,2.81,1.0163,0.36,0.3,0.4637
5.9,2.81,1.0163,0.36,0.3,0.4637
6,2.81,1.0163,0.36,0.3,0.4637
6.1,2.81,1.0163,0.36,0.3,0.4637
6.2,2.81,1.0163,0.36,0.3,0.4637
6.3,2.81,1.0163,0.36,0.3,0.4637
6.4,2.81,1.0163,0.36,0.3,0.4637
6.5,2.81,1.0163,0.36,0.3,0.4637
6.6,2.81,1.0163,0.36,0.3,0.4637
6.7,2.81,1.0163,0.36,0.3,0.4637
6.8,2.81,1.0163,0.36,0.3,0.4637
6.9,2.81,1.0163,0.36,0.3,0.4637
7,2.81,1.0163,0.36,0.3,0.4637
7.1,2.81,1.0163,0.36,0.3,0.4637
7.2,2.81,1.0163,0.36,0.3,0.4637
7.3,2.81,1.0163,0.36,0.3,0.4637
7.4,2.81,1.0163,0.36,0.3,0.4637
7.5,2.81,1.0163,0.36,0.3,0.4637
7.6,2.81,1.0163,0.36,0.3,0.4637
7.7,2.81,1.0163,0.36,0.3,0.4637
7.8,2.81,1.0163,0.36,0.3,0.4637
7.9,2.81,1.0163,0.36,0.3,0.4637
8,2.81,1.0163,0.36,0.3,0.4637
8.1,2.81,1.0163,0.36,0.3,0.4637
8.2,2.81,1.0163,0.36,0.3,0.4637
8.3,2.81,1.0163,0.36,0.3,0.4637
8.4,2.81,1.0163,0.36,0.3,0.4637
8.5,2.81,1.0163,0.36,0.3,0.4637
8.6,2.81,1.0163,0.36,0.3,0.4637
8.7,2.81,1.0163,0.36,0.3,0.4637
8.8,2.81,1.0163,0.36,0.3,0.4637
8.9,2.81,1.0163,0.36,0.3,0.4637
9,2.81,1.0163,0.36,0.3,0.4637
9.1,2.81,1.0163,0.36,0.3,0.4637
9.2,2.81,1.0163,0.36,0.3,0.4637
9.3,2.81,1.0163,0.36,0.3,0.4637
9.4,2.81,1.0163,0.36,0.3,0.4637
9.5,2.81,1.0163,0.36,0.3,0.4637
9.6,2.81,1.0163,0.36,0.3,0.4637
9.7,2.81,1.0163,0.36,0.3,0.4637
9.8,2.81,1.0163,0.36,0.3,0.4637
9.9,2.81,1.0163,0.36,0.3,0.4637
10,2.81,1.0163,0.36,0.3,0.4637
10.1,2.81,1.0163,0.36,0.3,0.4637
10.2,2.81,1.0163,0.36,0.3,0.4637
10.3,2.81,1.0163,0.36,0.3,0.4637
10.4,2.81,1.0163,0.36,0.3,0.4637
10.5,2.81,1.0163,0.36,0.3,0.4637
10.6,2.81,1.0163,0.36,0.3,0.4637
10.7,2.81,1.0163,0.36,0.3,0.4637
10.8,2.81,1.0163,0.36,0.3,0.4637
10.9,2.81,1.0163,0.36,0.3,0.4637
11,2.81,1.0163,0.36,0.3,0.4637
11.1,2.81,1.0163,0.36,0.3,0.4637
11.2,2.81,1.0163,0.36,0.3,0.4637
11.3,2.81,1.0163,0.36,0.3,0.4637
11.4,2.81,1.0163,0.36,0.3,0.4637
11.5,2.81,1.0163,0.36,0.3,0.4637
11.6,2.81,1.0163,0.36,0.3,0.4637
11.7,2.81,1.0163,0.36,0.3,0.4637
11.8,2.81,1.0163,0.36,0.3,0.4637
11.9,2.81,1.0163,0.36,0.3,0.4637
12,2.81,1.0163,0.36,0.3,0.4637
12.1,2.81,1.0163,0.36,0.3,0.4637
12.2,2.81,1.0163,0.36,0.3,0.4637
12.3,2.81,1.0163,0.36,0.3,0.4637
12.4,2.81,1.0163,0.36,0.3,0.4637
12.5,2.81,1.0163,0.36,0.3,0.4637
12.6,2.81,1.0163,0.36,0.3,0.4637
12.7,2.81,1.0163,0.36,0.3,0.4637
12.8,2.81,1.0163,0.36,0.3,0.4637
12.9,2.81,1.0163,0.36,0.3,0.4637
13,2.81,1.0163,0.36,0.3,0.4637
13.1,2.81,1.0163,0.36,0.3,0.4637
13.2,2.81,1.0163,0.36,0.3,0.4637
13.3,2.81,1.0163,0.36,0.3,0.4637
13.4,2.81,1.0163,0.36,0.3,0.4637
13.5,2.81,1.0163,0.36,0.3,0.4637
13.6,2.81,1.0163,0.36,0.3,0.4637
13.7,2.81,1.0163,0.36,0.3,0.4637
13.8,2.81,1.0163,0.36,0.3,0.4637
13.9,2.81,1.0163,0.36,0.3,0.4637
14,2.81,1.0163,0.36,0.3,0.4637
14.1,2.81,1.0163,0.36,0.3,0.4637
14.2,2.81,1.0163,0.36,0.3,0.4637
14.3,2.81,1.0163,0.36,0.3,0.4637
14.4,2.81,1.0163,0.36,0.3,0.4637
14.5,2.81,1.0163,0.36,0.3,0.4637
14.6,2.81,1.0163,0.36,0.3,0.4637
14.7,2.81,1.0163,0.36,0.3,0.4637
14.8,2.81,1.0163,0.36,0.3,0.4637
14.9,2.81,1.0163,0.36,0.3,0.4637
15,2.81,1.0163,0.36,0.3,0.4637
15.1,2.81,1.0163,0.36,0.3,0.4637
15.2,2.81,1.0163,0.36,0.3,0.4637
15.3,2.81,1.0163,0.36,0.3,0.4637
15.4,2.81,1.0163,0.36,0.3,0.4637
15.5,2.81,1.0163,0.36,0.3,0.4637
15.6,2.81,1.0163,0.36,0.3,0.4637
15.7,2.81,1.0163,0.36,0.3,0.4637
15.8,2.81,1.0163,0.36,0.3,0.4637
15.9,2.81,1.0163,0.36,0.3,0.4637
16,2.81,1.0163,0.36,0.3,0.4637
16.1,2.81,1.0163,0.36,0.3,0.4637
16.2,2.81,1.0163,0.36,0.3,0.4637
16.3,2.81,1.0163,0.36,0.3,0.4637
16.4,2.81,1.0163,0.36,0.3,0.4637
16.5,2.81,1.0163,0.36,0.3,0.4637
16.6,2.81,1.0163,0.36,0.3,0.4637
16.7,2.81,1.0163,0.36,0.3,0.4637
16.8,2.81,1.0163,0.36,0.3,0.4637
16.9,2.81,1.0163,0.36,0.3,0.4637
17,2.81,1.0163,0.36,0.3,0.4637
17.1,2.81,1.0163,0.36,0.3,0.4637
17.2,2.81,1.0163,0.36,0.3,0.4637
17.3,2.81,1.0163,0.36,0.3,0.4637
17.4,2.81,1.0163,0.36,0.3,0.4637
17.5,2.81,1.0163,0.36,0.3,0.4637
17.6,2.81,1.0163,0.36,0.3,0.4637
17.7,2.81,1.0163,0.36,0.3,0.4637
17.8,2.81,1.0163,0.36,0.3,0.4637
17.9,2.81,1.0163,0.36,0.3,0.4637
18,2.81,1.0163,0.36,0.3,0.4637
18.1,2.81,1.0163,0.36,0.3,0.4637
18.2,2.81,1.0163,0.36,0.3,0.4637
18.3,2.81,1.0163,0.36,0.3,0.4637
18.4,2.81,1.0163,0.36,0.3,0.4637
18.5,2.81,1.0163,0.36,0.3,0.4637
18.6,2.81,1.0163,0.36,0.3,0.4637
18.7,2.81,1.0163,0.36,0.3,0.4637
18.8,2.81,1.0163,0.36,0.3,0.4637
18.9,2.81,1.0163,0.36,0.3,0.4637
19,2.81,1.0163,0.36,0.3,0.4637
19.1,2.81,1.0163,0.36,0.3,0.4637
19.2,2.81,1.0163,0.36,0.3,0.4637
19.3,2.81,1.0163,0.36,0.3,0.4637
19.4,2.81,1.0163,0.36,0.3,0.4637
19.5,2.81,1.0163,0.36,0.3,0.4637
19.6,2.81,1.0163,0.36,0.3,0.4637
19.7,2.81,1.0163,0.36,0.3,0.4637
19.8,2.81,1.0163,0.36,0.3,0.4637
19.9,2.81,1.0163,0.36,0.3,0.4637
20,2.81,1.0163,0.36,0.3,0.4637
20.1,2.81,1.0163,0.36,0.3,0.4637
20.2,2.81,1.0163,0.36,0.3,0.4637
20.3,2.81,1.0163,0.36,0.3,0.4637
20.4,2.81,1.0163,0.36,0.3,0.4637
20.5,2.81,1.0163,0.36,0.3,0.4637
20.6,2.81,1.0163,0.36,0.3,0.4637
20.7,2.81,1.0163,0.36,0.3,0.4637
20.8,2.81,1.0163,0.36,0.3,0.4637
20.9,2.81,1.0163,0.36,0.3,0.4637
21,2.81,1.0163,0.36,0.3,0.4637
21.1,2.81,1.0163,0.36,0.3,0.4637
21.2,2.81,1.0163,0.36,0.3,0.4637
21.3,2.81,1.0163,0.36,0.3,0.4637
21.4,2.81,1.0163,0.36,0.3,0.4637
21.5,2.81,1.0163,0.36,0.3,0.4637
21.6,2.81,1.0163,0.36,0.3,0.4637
21.7,2.81,1.0163,0.36,0.3,0.4637
21.8,2.81,1.0163,0.36,0.3,0.4637
21.9,2.81,1.0163,0.36,0.3,0.4637
22,2.81,1.0163,0.36,0.3,0.4637
22.1,2.81,1.0163,0.36,0.3,0.4637
22.2,2.81,1.0163,0.36,0.3,0.4637
22.3,2.81,1.0163,0.36,0.3,0.4637
0.5,2.86,1.0163,0.36,0.3,0.472
0.6,2.86,1.0163,0.36,0.3,0.472
0.7,2.86,1.0163,0.36,0.3,0.472
0.8,2.86,1.0163,0.36,0.3,0.472
0.9,2.86,1.0163,0.36,0.3,0.472
1,2.86,1.0163,0.36,0.3,0.472
1.1,2.86,1.0163,0.36,0.3,0.472
1.2,2.86,1.0163,0.36,0.3,0.472
1.3,2.86,1.0163,0.36,0.3,0.472
1.4,2.86,1.0163,0.36,0.3,0.472
1.5,2.86,1.0163,0.36,0.3,0.472
1.6,2.86,1.0163,0.36,0.3,0.472
1.7,2.86,1.0163,0.36,0.3,0.472
1.8,2.86,1.0163,0.36,0.3,0.472
1.9,2.86,1.0163,0.36,0.3,0.472
2,2.86,1.0163,0.36,0.3,0.472
2.1,2.86,1.0163,0.36,0.3,0.472
2.2,2.86,1.0163,0.36,0.3,0.472
2.3,2.86,1.0163,0.36,0.3,0.472
2.4,2.86,1.0163,0.36,0.3,0.472
2.5,2.86,1.0163,0.36,0.3,0.472
2.6,2.86,1.0163,0.36,0.3,0.472
2.7,2.86,1.0163,0.36,0.3,0.472
2.8,2.86,1.0163,0.36,0.3,0.472
2.9,2.86,1.0163,0.36,0.3,0.472
3,2.86,1.0163,0.36,0.3,0.472
3.1,2.86,1.0163,0.36,0.3,0.472
3.2,2.86,1.0163,0.36,0.3,0.472
3.3,2.86,1.0163,0.36,0.3,0.472
3.4,2.86,1.0163,0.36,0.3,0.472
3.5,2.86,1.0163,0.36,0.3,0.472
3.6,2.86,1.0163,0.36,0.3,0.472
3.7,2.86,1.0163,0.36,0.3,0.472
3.8,2.86,1.0163,0.36,0.3,0.472
3.9,2.86,1.0163,0.36,0.3,0.472
4,2.86,1.0163,0.36,0.3,0.472
4.1,2.86,1.0163,0.36,0.3,0.472
4.2,2.86,1.0163,0.36,0.3,0.472
4.3,2.86,1.0163,0.36,0.3,0.472
4.4,2.86,1.0163,0.36,0.3,0.472
4.5,2.86,1.0163,0.36,0.3,0.472
4.6,2.86,1.0163,0.36,0.3,0.472
4.7,2.86,1.0163,0.36,0.3,0.472
4.8,2.86,1.0163,0.36,0.3,0.472
4.9,2.86,1.0163,0.36,0.3,0.472
5,2.86,1.0163,0.36,0.3,0.472
5.1,2.86,1.0163,0.36,0.3,0.472
5.2,2.86,1.0163,0.36,0.3,0.472
5.3,2.86,1.0163,0.36,0.3,0.472
5.4,2.86,1.0163,0.36,0.3,0.472
5.5,2.86,1.0163,0.36,0.3,0.472
5.6,2.86,1.0163,0.36,0.3,0.472
5.7,2.86,1.0163,0.36,0.3,0.472
5.8,2.86,1.0163,0.36,0.3,0.472
5.9,2.86,1.0163,0.36,0.3,0.472
6,2.86,1.0163,0.36,0.3,0.472
6.1,2.86,1.0163,0.36,0.3,0.472
6.2,2.86,1.0163,0.36,0.3,0.472
6.3,2.86,1.0163,0.36,0.3,0.472
6.4,2.86,1.0163,0.36,0.3,0.472
6.5,2.86,1.0163,0.36,0.3,0.472
6.6,2.86,1.0163,0.36,0.3,0.472
6.7,2.86,1.0163,0.36,0.3,0.472
6.8,2.86,1.0163,0.36,0.3,0.472
6.9,2.86,1.0163,0.36,0.3,0.472
7,2.86,1.0163,0.36,0.3,0.472
7.1,2.86,1.0163,0.36,0.3,0.472
7.2,2.86,1.0163,0.36,0.3,0.472
7.3,2.86,1.0163,0.36,0.3,0.472
7.4,2.86,1.0163,0.36,0.3,0.472
7.5,2.86,1.0163,0.36,0.3,0.472
7.6,2.86,1.0163,0.36,0.3,0.472
7.7,2.86,1.0163,0.36,0.3,0.472
7.8,2.86,1.0163,0.36,0.3,0.472
7.9,2.86,1.0163,0.36,0.3,0.472
8,2.86,1.0163,0.36,0.3,0.472
8.1,2.86,1.0163,0.36,0.3,0.472
8.2,2.86,1.0163,0.36,0.3,0.472
8.3,2.86,1.0163,0.36,0.3,0.472
8.4,2.86,1.0163,0.36,0.3,0.472
8.5,2.86,1.0163,0.36,0.3,0.472
8.6,2.86,1.0163,0.36,0.3,0.472
8.7,2.86,1.0163,0.36,0.3,0.472
8.8,2.86,1.0163,0.36,0.3,0.472
8.9,2.86,1.0163,0.36,0.3,0.472
9,2.86,1.0163,0.36,0.3,0.472
9.1,2.86,1.0163,0.36,0.3,0.472
9.2,2.86,1.0163,0.36,0.3,0.472
9.3,2.86,1.0163,0.36,0.3,0.472
9.4,2.86,1.0163,0.36,0.3,0.472
9.5,2.86,1.0163,0.36,0.3,0.472
9.6,2.86,1.0163,0.36,0.3,0.472
9.7,2.86,1.0163,0.36,0.3,0.472
9.8,2.86,1.0163,0.36,0.3,0.472
9.9,2.86,1.0163,0.36,0.3,0.472
10,2.86,1.0163,0.36,0.3,0.472
10.1,2.86,1.0163,0.36,0.3,0.472
10.2,2.86,1.0163,0.36,0.3,0.472
10.3,2.86,1.0163,0.36,0.3,0.472
10.4,2.86,1.0163,0.36,0.3,0.472
10.5,2.86,1.0163,0.36,0.3,0.472
10.6,2.86,1.0163,0.36,0.3,0.472
10.7,2.86,1.0163,0.36,0.3,0.472
10.8,2.86,1.0163,0.36,0.3,0.472
10.9,2.86,1.0163,0.36,0.3,0.472
11,2.86,1.0163,0.36,0.3,0.472
11.1,2.86,1.0163,0.36,0.3,0.472
11.2,2.86,1.0163,0.36,0.3,0.472
11.3,2.86,1.0163,0.36,0.3,0.472
11.4,2.86,1.0163,0.36,0.3,0.472
11.5,2.86,1.0163,0.36,0.3,0.472
11.6,2.86,1.0163,0.36,0.3,0.472
11.7,2.86,1.0163,0.36,0.3,0.472
11.8,2.86,1.0163,0.36,0.3,0.472
11.9,2.86,1.0163,0.36,0.3,0.472
12,2.86,1.0163,0.36,0.3,0.472
12.1,2.86,1.0163,0.36,0.3,0.472
12.2,2.86,1.0163,0.36,0.3,0.472
12.3,2.86,1.0163,0.36,0.3,0.472
12.4,2.86,1.0163,0.36,0.3,0.472
12.5,2.86,1.0163,0.36,0.3,0.472
12.6,2.86,1.0163,0.36,0.3,0.472
12.7,2.86,1.0163,0.36,0.3,0.472
12.8,2.86,1.0163,0.36,0.3,0.472
12.9,2.86,1.0163,0.36,0.3,0.472
13,2.86,1.0163,0.36,0.3,0.472
13.1,2.86,1.0163,0.36,0.3,0.472
13.2,2.86,1.0163,0.36,0.3,0.472
13.3,2.86,1.0163,0.36,0.3,0.472
13.4,2.86,1.0163,0.36,0.3,0.472
13.5,2.86,1.0163,0.36,0.3,0.472
13.6,2.86,1.0163,0.36,0.3,0.472
13.7,2.86,1.0163,0.36,0.3,0.472
13.8,2.86,1.0163,0.36,0.3,0.472
13.9,2.86,1.0163,0.36,0.3,0.472
14,2.86,1.0163,0.36,0.3,0.472
14.1,2.86,1.0163,0.36,0.3,0.472
14.2,2.86,1.0163,0.36,0.3,0.472
14.3,2.86,1.0163,0.36,0.3,0.472
14.4,2.86,1.0163,0.36,0.3,0.472
14.5,2.86,1.0163,0.36,0.3,0.472
14.6,2.86,1.0163,0.36,0.3,0.472
14.7,2.86,1.0163,0.36,0.3,0.472
14.8,2.86,1.0163,0.36,0.3,0.472
14.9,2.86,1.0163,0.36,0.3,0.472
15,2.86,1.0163,0.36,0.3,0.472
15.1,2.86,1.0163,0.36,0.3,0.472
15.2,2.86,1.0163,0.36,0.3,0.472
15.3,2.86,1.0163,0.36,0.3,0.472
15.4,2.86,1.0163,0.36,0.3,0.472
15.5,2.86,1.0163,0.36,0.3,0.472
15.6,2.86,1.0163,0.36,0.3,0.472
15.7,2.86,1.0163,0.36,0.3,0.472
15.8,2.86,1.0163,0.36,0.3,0.472
15.9,2.86,1.0163,0.36,0.3,0.472
16,2.86,1.0163,0.36,0.3,0.472
16.1,2.86,1.0163,0.36,0.3,0.472
16.2,2.86,1.0163,0.36,0.3,0.472
16.3,2.86,1.0163,0.36,0.3,0.472
16.4,2.86,1.0163,0.36,0.3,0.472
16.5,2.86,1.0163,0.36,0.3,0.472
16.6,2.86,1.0163,0.36,0.3,0.472
16.7,2.86,1.0163,0.36,0.3,0.472
16.8,2.86,1.0163,0.36,0.3,0.472
16.9,2.86,1.0163,0.36,0.3,0.472
17,2.86,1.0163,0.36,0.3,0.472
17.1,2.86,1.0163,0.36,0.3,0.472
17.2,2.86,1.0163,0.36,0.3,0.472
17.3,2.86,1.0163,0.36,0.3,0.472
17.4,2.86,1.0163,0.36,0.3,0.472
17.5,2.86,1.0163,0.36,0.3,0.472
17.6,2.86,1.0163,0.36,0.3,0.472
17.7,2.86,1.0163,0.36,0.3,0.472
17.8,2.86,1.0163,0.36,0.3,0.472
17.9,2.86,1.0163,0.36,0.3,0.472
18,2.86,1.0163,0.36,0.3,0.472
18.1,2.86,1.0163,0.36,0.3,0.472
18.2,2.86,1.0163,0.36,0.3,0.472
18.3,2.86,1.0163,0.36,0.3,0.472
18.4,2.86,1.0163,0.36,0.3,0.472
18.5,2.86,1.0163,0.36,0.3,0.472
18.6,2.86,1.0163,0.36,0.3,0.472
18.7,2.86,1.0163,0.36,0.3,0.472
18.8,2.86,1.0163,0.36,0.3,0.472
18.9,2.86,1.0163,0.36,0.3,0.472
19,2.86,1.0163,0.36,0.3,0.472
19.1,2.86,1.0163,0.36,0.3,0.472
19.2,2.86,1.0163,0.36,0.3,0.472
19.3,2.86,1.0163,0.36,0.3,0.472
19.4,2.86,1.0163,0.36,0.3,0.472
19.5,2.86,1.0163,0.36,0.3,0.472
19.6,2.86,1.0163,0.36,0.3,0.472
19.7,2.86,1.0163,0.36,0.3,0.472
19.8,2.86,1.0163,0.36,0.3,0.472
19.9,2.86,1.0163,0.36,0.3,0.472
20,2.86,1.0163,0.36,0.3,0.472
20.1,2.86,1.0163,0.36,0.3,0.472
20.2,2.86,1.0163,0.36,0.3,0.472
20.3,2.86,1.0163,0.36,0.3,0.472
20.4,2.86,1.0163,0.36,0.3,0.472
20.5,2.86,1.0163,0.36,0.3,0.472
20.6,2.86,1.0163,0.36,0.3,0.472
20.7,2.86,1.0163,0.36,0.3,0.472
20.8,2.86,1.0163,0.36,0.3,0.472
20.9,2.86,1.0163,0.36,0.3,0.472
21,2.86,1.0163,0.36,0.3,0.472
21.1,2.86,1.0163,0.36,0.3,0.472
21.2,2.86,1.0163,0.36,0.3,0.472
21.3,2.86,1.0163,0.36,0.3,0.472
21.4,2.86,1.0163,0.36,0.3,0.472
21.5,2.86,1.0163,0.36,0.3,0.472
21.6,2.86,1.0163,0.36,0.3,0.472
21.7,2.86,1.0163,0.36,0.3,0.472
21.8,2.86,1.0163,0.36,0.3,0.472
21.9,2.86,1.0163,0.36,0.3,0.472
22,2.86,1.0163,0.36,0.3,0.472
22.1,2.86,1.0163,0.36,0.3,0.472
22.2,2.86,1.0163,0.36,0.3,0.472
22.3,2.86,1.0163,0.36,0.3,0.472
0.5,2.91,1.0163,0.36,0.3,0.48
0.6,2.91,1.0163,0.36,0.3,0.48
0.7,2.91,1.0163,0.36,0.3,0.48
0.8,2.91,1.0163,0.36,0.3,0.48
0.9,2.91,1.0163,0.36,0.3,0.48
1,2.91,1.0163,0.36,0.3,0.48
1.1,2.91,1.0163,0.36,0.3,0.48
1.2,2.91,1.0163,0.36,0.3,0.48
1.3,2.91,1.0163,0.36,0.3,0.48
1.4,2.91,1.0163,0.36,0.3,0.48
1.5,2.91,1.0163,0.36,0.3,0.48
1.6,2.91,1.0163,0.36,0.3,0.48
1.7,2.91,1.0163,0.36,0.3,0.48
1.8,2.91,1.0163,0.36,0.3,0.48
1.9,2.91,1.0163,0.36,0.3,0.48
2,2.91,1.0163,0.36,0.3,0.48
2.1,2.91,1.0163,0.36,0.3,0.48
2.2,2.91,1.0163,0.36,0.3,0.48
2.3,2.91,1.0163,0.36,0.3,0.48
2.4,2.91,1.0163,0.36,0.3,0.48
2.5,2.91,1.0163,0.36,0.3,0.48
2.6,2.91,1.0163,0.36,0.3,0.48
2.7,2.91,1.0163,0.36,0.3,0.48
2.8,2.91,1.0163,0.36,0.3,0.48
2.9,2.91,1.0163,0.36,0.3,0.48
3,2.91,1.0163,0.36,0.3,0.48
3.1,2.91,1.0163,0.36,0.3,0.48
3.2,2.91,1.0163,0.36,0.3,0.48
3.3,2.91,1.0163,0.36,0.3,0.48
3.4,2.91,1.0163,0.36,0.3,0.48
3.5,2.91,1.0163,0.36,0.3,0.48
3.6,2.91,1.0163,0.36,0.3,0.48
3.7,2.91,1.0163,0.36,0.3,0.48
3.8,2.91,1.0163,0.36,0.3,0.48
3.9,2.91,1.0163,0.36,0.3,0.48
4,2.91,1.0163,0.36,0.3,0.48
4.1,2.91,1.0163,0.36,0.3,0.48
4.2,2.91,1.0163,0.36,0.3,0.48
4.3,2.91,1.0163,0.36,0.3,0.48
4.4,2.91,1.0163,0.36,0.3,0.48
4.5,2.91,1.0163,0.36,0.3,0.48
4.6,2.91,1.0163,0.36,0.3,0.48
4.7,2.91,1.0163,0.36,0.3,0.48
4.8,2.91,1.0163,0.36,0.3,0.48
4.9,2.91,1.0163,0.36,0.3,0.48
5,2.91,1.0163,0.36,0.3,0.48
5.1,2.91,1.0163,0.36,0.3,0.48
5.2,2.91,1.0163,0.36,0.3,0.48
5.3,2.91,1.0163,0.36,0.3,0.48
5.4,2.91,1.0163,0.36,0.3,0.48
5.5,2.91,1.0163,0.36,0.3,0.48
5.6,2.91,1.0163,0.36,0.3,0.48
5.7,2.91,1.0163,0.36,0.3,0.48
5.8,2.91,1.0163,0.36,0.3,0.48
5.9,2.91,1.0163,0.36,0.3,0.48
6,2.91,1.0163,0.36,0.3,0.48
6.1,2.91,1.0163,0.36,0.3,0.48
6.2,2.91,1.0163,0.36,0.3,0.48
6.3,2.91,1.0163,0.36,0.3,0.48
6.4,2.91,1.0163,0.36,0.3,0.48
6.5,2.91,1.0163,0.36,0.3,0.48
6.6,2.91,1.0163,0.36,0.3,0.48
6.7,2.91,1.0163,0.36,0.3,0.48
6.8,2.91,1.0163,0.36,0.3,0.48
6.9,2.91,1.0163,0.36,0.3,0.48
7,2.91,1.0163,0.36,0.3,0.48
7.1,2.91,1.0163,0.36,0.3,0.48
7.2,2.91,1.0163,0.36,0.3,0.48
7.3,2.91,1.0163,0.36,0.3,0.48
7.4,2.91,1.0163,0.36,0.3,0.48
7.5,2.91,1.0163,0.36,0.3,0.48
7.6,2.91,1.0163,0.36,0.3,0.48
7.7,2.91,1.0163,0.36,0.3,0.48
7.8,2.91,1.0163,0.36,0.3,0.48
7.9,2.91,1.0163,0.36,0.3,0.48
8,2.91,1.0163,0.36,0.3,0.48
8.1,2.91,1.0163,0.36,0.3,0.48
8.2,2.91,1.0163,0.36,0.3,0.48
8.3,2.91,1.0163,0.36,0.3,0.48
8.4,2.91,1.0163,0.36,0.3,0.48
8.5,2.91,1.0163,0.36,0.3,0.48
8.6,2.91,1.0163,0.36,0.3,0.48
8.7,2.91,1.0163,0.36,0.3,0.48
8.8,2.91,1.0163,0.36,0.3,0.48
8.9,2.91,1.0163,0.36,0.3,0.48
9,2.91,1.0163,0.36,0.3,0.48
9.1,2.91,1.0163,0.36,0.3,0.48
9.2,2.91,1.0163,0.36,0.3,0.48
9.3,2.91,1.0163,0.36,0.3,0.48
9.4,2.91,1.0163,0.36,0.3,0.48
9.5,2.91,1.0163,0.36,0.3,0.48
9.6,2.91,1.0163,0.36,0.3,0.48
9.7,2.91,1.0163,0.36,0.3,0.48
9.8,2.91,1.0163,0.36,0.3,0.48
9.9,2.91,1.0163,0.36,0.3,0.48
10,2.91,1.0163,0.36,0.3,0.48
10.1,2.91,1.0163,0.36,0.3,0.48
10.2,2.91,1.0163,0.36,0.3,0.48
10.3,2.91,1.0163,0.36,0.3,0.48
10.4,2.91,1.0163,0.36,0.3,0.48
10.5,2.91,1.0163,0.36,0.3,0.48
10.6,2.91,1.0163,0.36,0.3,0.48
10.7,2.91,1.0163,0.36,0.3,0.48
10.8,2.91,1.0163,0.36,0.3,0.48
10.9,2.91,1.0163,0.36,0.3,0.48
11,2.91,1.0163,0.36,0.3,0.48
11.1,2.91,1.0163,0.36,0.3,0.48
11.2,2.91,1.0163,0.36,0.3,0.48
11.3,2.91,1.0163,0.36,0.3,0.48
11.4,2.91,1.0163,0.36,0.3,0.48
11.5,2.91,1.0163,0.36,0.3,0.48
11.6,2.91,1.0163,0.36,0.3,0.48
11.7,2.91,1.0163,0.36,0.3,0.48
11.8,2.91,1.0163,0.36,0.3,0.48
11.9,2.91,1.0163,0.36,0.3,0.48
12,2.91,1.0163,0.36,0.3,0.48
12.1,2.91,1.0163,0.36,0.3,0.48
12.2,2.91,1.0163,0.36,0.3,0.48
12.3,2.91,1.0163,0.36,0.3,0.48
12.4,2.91,1.0163,0.36,0.3,0.48
12.5,2.91,1.0163,0.36,0.3,0.48
12.6,2.91,1.0163,0.36,0.3,0.48
12.7,2.91,1.0163,0.36,0.3,0.48
12.8,2.91,1.0163,0.36,0.3,0.48
12.9,2.91,1.0163,0.36,0.3,0.48
13,2.91,1.0163,0.36,0.3,0.48
13.1,2.91,1.0163,0.36,0.3,0.48
13.2,2.91,1.0163,0.36,0.3,0.48
13.3,2.91,1.0163,0.36,0.3,0.48
13.4,2.91,1.0163,0.36,0.3,0.48
13.5,2.91,1.0163,0.36,0.3,0.48
13.6,2.91,1.0163,0.36,0.3,0.48
13.7,2.91,1.0163,0.36,0.3,0.48
13.8,2.91,1.0163,0.36,0.3,0.48
13.9,2.91,1.0163,0.36,0.3,0.48
14,2.91,1.0163,0.36,0.3,0.48
14.1,2.91,1.0163,0.36,0.3,0.48
14.2,2.91,1.0163,0.36,0.3,0.48
14.3,2.91,1.0163,0.36,0.3,0.48
14.4,2.91,1.0163,0.36,0.3,0.48
14.5,2.91,1.0163,0.36,0.3,0.48
14.6,2.91,1.0163,0.36,0.3,0.48
14.7,2.91,1.0163,0.36,0.3,0.48
14.8,2.91,1.0163,0.36,0.3,0.48
14.9,2.91,1.0163,0.36,0.3,0.48
15,2.91,1.0163,0.36,0.3,0.48
15.1,2.91,1.0163,0.36,0.3,0.48
15.2,2.91,1.0163,0.36,0.3,0.48
15.3,2.91,1.0163,0.36,0.3,0.48
15.4,2.91,1.0163,0.36,0.3,0.48
15.5,2.91,1.0163,0.36,0.3,0.48
15.6,2.91,1.0163,0.36,0.3,0.48
15.7,2.91,1.0163,0.36,0.3,0.48
15.8,2.91,1.0163,0.36,0.3,0.48
15.9,2.91,1.0163,0.36,0.3,0.48
16,2.91,1.0163,0.36,0.3,0.48
16.1,2.91,1.0163,0.36,0.3,0.48
16.2,2.91,1.0163,0.36,0.3,0.48
16.3,2.91,1.0163,0.36,0.3,0.48
16.4,2.91,1.0163,0.36,0.3,0.48
16.5,2.91,1.0163,0.36,0.3,0.48
16.6,2.91,1.0163,0.36,0.3,0.48
16.7,2.91,1.0163,0.36,0.3,0.48
16.8,2.91,1.0163,0.36,0.3,0.48
16.9,2.91,1.0163,0.36,0.3,0.48
17,2.91,1.0163,0.36,0.3,0.48
17.1,2.91,1.0163,0.36,0.3,0.48
17.2,2.91,1.0163,0.36,0.3,0.48
17.3,2.91,1.0163,0.36,0.3,0.48
17.4,2.91,1.0163,0.36,0.3,0.48
17.5,2.91,1.0163,0.36,0.3,0.48
17.6,2.91,1.0163,0.36,0.3,0.48
17.7,2.91,1.0163,0.36,0.3,0.48
17.8,2.91,1.0163,0.36,0.3,0.48
17.9,2.91,1.0163,0.36,0.3,0.48
18,2.91,1.0163,0.36,0.3,0.48
18.1,2.91,1.0163,0.36,0.3,0.48
18.2,2.91,1.0163,0.36,0.3,0.48
18.3,2.91,1.0163,0.36,0.3,0.48
18.4,2.91,1.0163,0.36,0.3,0.48
18.5,2.91,1.0163,0.36,0.3,0.48
18.6,2.91,1.0163,0.36,0.3,0.48
18.7,2.91,1.0163,0.36,0.3,0.48
18.8,2.91,1.0163,0.36,0.3,0.48
18.9,2.91,1.0163,0.36,0.3,0.48
19,2.91,1.0163,0.36,0.3,0.48
19.1,2.91,1.0163,0.36,0.3,0.48
19.2,2.91,1.0163,0.36,0.3,0.48
19.3,2.91,1.0163,0.36,0.3,0.48
19.4,2.91,1.0163,0.36,0.3,0.48
19.5,2.91,1.0163,0.36,0.3,0.48
19.6,2.91,1.0163,0.36,0.3,0.48
19.7,2.91,1.0163,0.36,0.3,0.48
19.8,2.91,1.0163,0.36,0.3,0.48
19.9,2.91,1.0163,0.36,0.3,0.48
20,2.91,1.0163,0.36,0.3,0.48
20.1,2.91,1.0163,0.36,0.3,0.48
20.2,2.91,1.0163,0.36,0.3,0.48
20.3,2.91,1.0163,0.36,0.3,0.48
20.4,2.91,1.0163,0.36,0.3,0.48
20.5,2.91,1.0163,0.36,0.3,0.48
20.6,2.91,1.0163,0.36,0.3,0.48
20.7,2.91,1.0163,0.36,0.3,0.48
20.8,2.91,1.0163,0.36,0.3,0.48
20.9,2.91,1.0163,0.36,0.3,0.48
21,2.91,1.0163,0.36,0.3,0.48
21.1,2.91,1.0163,0.36,0.3,0.48
21.2,2.91,1.0163,0.36,0.3,0.48
21.3,2.91,1.0163,0.36,0.3,0.48
21.4,2.91,1.0163,0.36,0.3,0.48
21.5,2.91,1.0163,0.36,0.3,0.48
21.6,2.91,1.0163,0.36,0.3,0.48
21.7,2.91,1.0163,0.36,0.3,0.48
21.8,2.91,1.0163,0.36,0.3,0.48
21.9,2.91,1.0163,0.36,0.3,0.48
22,2.91,1.0163,0.36,0.3,0.48
22.1,2.91,1.0163,0.36,0.3,0.48
22.2,2.91,1.0163,0.36,0.3,0.48
22.3,2.91,1.0163,0.36,0.3,0.48
0.5,2.96,1.11,0.36,0.3,0.488
0.6,2.96,1.11,0.36,0.3,0.488
0.7,2.96,1.11,0.36,0.3,0.488
0.8,2.96,1.11,0.36,0.3,0.488
0.9,2.96,1.11,0.36,0.3,0.488
1,2.96,1.11,0.36,0.3,0.488
1.1,2.96,1.11,0.36,0.3,0.488
1.2,2.96,1.11,0.36,0.3,0.488
1.3,2.96,1.11,0.36,0.3,0.488
1.4,2.96,1.11,0.36,0.3,0.488
1.5,2.96,1.11,0.36,0.3,0.488
1.6,2.96,1.11,0.36,0.3,0.488
1.7,2.96,1.11,0.36,0.3,0.488
1.8,2.96,1.11,0.36,0.3,0.488
1.9,2.96,1.11,0.36,0.3,0.488
2,2.96,1.11,0.36,0.3,0.488
2.1,2.96,1.11,0.36,0.3,0.488
2.2,2.96,1.11,0.36,0.3,0.488
2.3,2.96,1.11,0.36,0.3,0.488
2.4,2.96,1.11,0.36,0.3,0.488
2.5,2.96,1.11,0.36,0.3,0.488
2.6,2.96,1.11,0.36,0.3,0.488
2.7,2.96,1.11,0.36,0.3,0.488
2.8,2.96,1.11,0.36,0.3,0.488
2.9,2.96,1.11,0.36,0.3,0.488
3,2.96,1.11,0.36,0.3,0.488
3.1,2.96,1.11,0.36,0.3,0.488
3.2,2.96,1.11,0.36,0.3,0.488
3.3,2.96,1.11,0.36,0.3,0.488
3.4,2.96,1.11,0.36,0.3,0.488
3.5,2.96,1.11,0.36,0.3,0.488
3.6,2.96,1.11,0.36,0.3,0.488
3.7,2.96,1.11,0.36,0.3,0.488
3.8,2.96,1.11,0.36,0.3,0.488
3.9,2.96,1.11,0.36,0.3,0.488
4,2.96,1.11,0.36,0.3,0.488
4.1,2.96,1.11,0.36,0.3,0.488
4.2,2.96,1.11,0.36,0.3,0.488
4.3,2.96,1.11,0.36,0.3,0.488
4.4,2.96,1.11,0.36,0.3,0.488
4.5,2.96,1.11,0.36,0.3,0.488
4.6,2.96,1.11,0.36,0.3,0.488
4.7,2.96,1.11,0.36,0.3,0.488
4.8,2.96,1.11,0.36,0.3,0.488
4.9,2.96,1.11,0.36,0.3,0.488
5,2.96,1.11,0.36,0.3,0.488
5.1,2.96,1.11,0.36,0.3,0.488
5.2,2.96,1.11,0.36,0.3,0.488
5.3,2.96,1.11,0.36,0.3,0.488
5.4,2.96,1.11,0.36,0.3,0.488
5.5,2.96,1.11,0.36,0.3,0.488
5.6,2.96,1.11,0.36,0.3,0.488
5.7,2.96,1.11,0.36,0.3,0.488
5.8,2.96,1.11,0.36,0.3,0.488
5.9,2.96,1.11,0.36,0.3,0.488
6,2.96,1.11,0.36,0.3,0.488
6.1,2.96,1.11,0.36,0.3,0.488
6.2,2.96,1.11,0.36,0.3,0.488
6.3,2.96,1.11,0.36,0.3,0.488
6.4,2.96,1.11,0.36,0.3,0.488
6.5,2.96,1.11,0.36,0.3,0.488
6.6,2.96,1.11,0.36,0.3,0.488
6.7,2.96,1.11,0.36,0.3,0.488
6.8,2.96,1.11,0.36,0.3,0.488
6.9,2.96,1.11,0.36,0.3,0.488
7,2.96,1.11,0.36,0.3,0.488
7.1,2.96,1.11,0.36,0.3,0.488
7.2,2.96,1.11,0.36,0.3,0.488
7.3,2.96,1.11,0.36,0.3,0.488
7.4,2.96,1.11,0.36,0.3,0.488
7.5,2.96,1.11,0.36,0.3,0.488
7.6,2.96,1.11,0.36,0.3,0.488
7.7,2.96,1.11,0.36,0.3,0.488
7.8,2.96,1.11,0.36,0.3,0.488
7.9,2.96,1.11,0.36,0.3,0.488
8,2.96,1.11,0.36,0.3,0.488
8.1,2.96,1.11,0.36,0.3,0.488
8.2,2.96,1.11,0.36,0.3,0.488
8.3,2.96,1.11,0.36,0.3,0.488
8.4,2.96,1.11,0.36,0.3,0.488
8.5,2.96,1.11,0.36,0.3,0.488
8.6,2.96,1.11,0.36,0.3,0.488
8.7,2.96,1.11,0.36,0.3,0.488
8.8,2.96,1.11,0.36,0.3,0.488
8.9,2.96,1.11,0.36,0.3,0.488
9,2.96,1.11,0.36,0.3,0.488
9.1,2.96,1.11,0.36,0.3,0.488
9.2,2.96,1.11,0.36,0.3,0.488
9.3,2.96,1.11,0.36,0.3,0.488
9.4,2.96,1.11,0.36,0.3,0.488
9.5,2.96,1.11,0.36,0.3,0.488
9.6,2.96,1.11,0.36,0.3,0.488
9.7,2.96,1.11,0.36,0.3,0.488
9.8,2.96,1.11,0.36,0.3,0.488
9.9,2.96,1.11,0.36,0.3,0.488
10,2.96,1.11,0.36,0.3,0.488
10.1,2.96,1.11,0.36,0.3,0.488
10.2,2.96,1.11,0.36,0.3,0.488
10.3,2.96,1.11,0.36,0.3,0.488
10.4,2.96,1.11,0.36,0.3,0.488
10.5,2.96,1.11,0.36,0.3,0.488
10.6,2.96,1.11,0.36,0.3,0.488
10.7,2.96,1.11,0.36,0.3,0.488
10.8,2.96,1.11,0.36,0.3,0.488
10.9,2.96,1.11,0.36,0.3,0.488
11,2.96,1.11,0.36,0.3,0.488
11.1,2.96,1.11,0.36,0.3,0.488
11.2,2.96,1.11,0.36,0.3,0.488
11.3,2.96,1.11,0.36,0.3,0.488
11.4,2.96,1.11,0.36,0.3,0.488
11.5,2.96,1.11,0.36,0.3,0.488
11.6,2.96,1.11,0.36,0.3,0.488
11.7,2.96,1.11,0.36,0.3,0.488
11.8,2.96,1.11,0.36,0.3,0.488
11.9,2.96,1.11,0.36,0.3,0.488
12,2.96,1.11,0.36,0.3,0.488
12.1,2.96,1.11,0.36,0.3,0.488
12.2,2.96,1.11,0.36,0.3,0.488
12.3,2.96,1.11,0.36,0.3,0.488
12.4,2.96,1.11,0.36,0.3,0.488
12.5,2.96,1.11,0.36,0.3,0.488
12.6,2.96,1.11,0.36,0.3,0.488
12.7,2.96,1.11,0.36,0.3,0.488
12.8,2.96,1.11,0.36,0.3,0.488
12.9,2.96,1.11,0.36,0.3,0.488
13,2.96,1.11,0.36,0.3,0.488
13.1,2.96,1.11,0.36,0.3,0.488
13.2,2.96,1.11,0.36,0.3,0.488
13.3,2.96,1.11,0.36,0.3,0.488
13.4,2.96,1.11,0.36,0.3,0.488
13.5,2.96,1.11,0.36,0.3,0.488
13.6,2.96,1.11,0.36,0.3,0.488
13.7,2.96,1.11,0.36,0.3,0.488
13.8,2.96,1.11,0.36,0.3,0.488
13.9,2.96,1.11,0.36,0.3,0.488
14,2.96,1.11,0.36,0.3,0.488
14.1,2.96,1.11,0.36,0.3,0.488
14.2,2.96,1.11,0.36,0.3,0.488
14.3,2.96,1.11,0.36,0.3,0.488
14.4,2.96,1.11,0.36,0.3,0.488
14.5,2.96,1.11,0.36,0.3,0.488
14.6,2.96,1.11,0.36,0.3,0.488
14.7,2.96,1.11,0.36,0.3,0.488
14.8,2.96,1.11,0.36,0.3,0.488
14.9,2.96,1.11,0.36,0.3,0.488
15,2.96,1.11,0.36,0.3,0.488
15.1,2.96,1.11,0.36,0.3,0.488
15.2,2.96,1.11,0.36,0.3,0.488
15.3,2.96,1.11,0.36,0.3,0.488
15.4,2.96,1.11,0.36,0.3,0.488
15.5,2.96,1.11,0.36,0.3,0.488
15.6,2.96,1.11,0.36,0.3,0.488
15.7,2.96,1.11,0.36,0.3,0.488
15.8,2.96,1.11,0.36,0.3,0.488
15.9,2.96,1.11,0.36,0.3,0.488
16,2.96,1.11,0.36,0.3,0.488
16.1,2.96,1.11,0.36,0.3,0.488
16.2,2.96,1.11,0.36,0.3,0.488
16.3,2.96,1.11,0.36,0.3,0.488
16.4,2.96,1.11,0.36,0.3,0.488
16.5,2.96,1.11,0.36,0.3,0.488
16.6,2.96,1.11,0.36,0.3,0.488
16.7,2.96,1.11,0.36,0.3,0.488
16.8,2.96,1.11,0.36,0.3,0.488
16.9,2.96,1.11,0.36,0.3,0.488
17,2.96,1.11,0.36,0.3,0.488
17.1,2.96,1.11,0.36,0.3,0.488
17.2,2.96,1.11,0.36,0.3,0.488
17.3,2.96,1.11,0.36,0.3,0.488
17.4,2.96,1.11,0.36,0.3,0.488
17.5,2.96,1.11,0.36,0.3,0.488
17.6,2.96,1.11,0.36,0.3,0.488
17.7,2.96,1.11,0.36,0.3,0.488
17.8,2.96,1.11,0.36,0.3,0.488
17.9,2.96,1.11,0.36,0.3,0.488
18,2.96,1.11,0.36,0.3,0.488
18.1,2.96,1.11,0.36,0.3,0.488
18.2,2.96,1.11,0.36,0.3,0.488
18.3,2.96,1.11,0.36,0.3,0.488
18.4,2.96,1.11,0.36,0.3,0.488
18.5,2.96,1.11,0.36,0.3,0.488
18.6,2.96,1.11,0.36,0.3,0.488
18.7,2.96,1.11,0.36,0.3,0.488
18.8,2.96,1.11,0.36,0.3,0.488
18.9,2.96,1.11,0.36,0.3,0.488
19,2.96,1.11,0.36,0.3,0.488
19.1,2.96,1.11,0.36,0.3,0.488
19.2,2.96,1.11,0.36,0.3,0.488
19.3,2.96,1.11,0.36,0.3,0.488
19.4,2.96,1.11,0.36,0.3,0.488
19.5,2.96,1.11,0.36,0.3,0.488
19.6,2.96,1.11,0.36,0.3,0.488
19.7,2.96,1.11,0.36,0.3,0.488
19.8,2.96,1.11,0.36,0.3,0.488
19.9,2.96,1.11,0.36,0.3,0.488
20,2.96,1.11,0.36,0.3,0.488
20.1,2.96,1.11,0.36,0.3,0.488
20.2,2.96,1.11,0.36,0.3,0.488
20.3,2.96,1.11,0.36,0.3,0.488
20.4,2.96,1.11,0.36,0.3,0.488
20.5,2.96,1.11,0.36,0.3,0.488
20.6,2.96,1.11,0.36,0.3,0.488
20.7,2.96,1.11,0.36,0.3,0.488
20.8,2.96,1.11,0.36,0.3,0.488
20.9,2.96,1.11,0.36,0.3,0.488
21,2.96,1.11,0.36,0.3,0.488
21.1,2.96,1.11,0.36,0.3,0.488
21.2,2.96,1.11,0.36,0.3,0.488
21.3,2.96,1.11,0.36,0.3,0.488
21.4,2.96,1.11,0.36,0.3,0.488
21.5,2.96,1.11,0.36,0.3,0.488
21.6,2.96,1.11,0.36,0.3,0.488
21.7,2.96,1.11,0.36,0.3,0.488
21.8,2.96,1.11,0.36,0.3,0.488
21.9,2.96,1.11,0.36,0.3,0.488
22,2.96,1.11,0.36,0.3,0.488
22.1,2.96,1.11,0.36,0.3,0.488
22.2,2.96,1.11,0.36,0.3,0.488
22.3,2.96,1.11,0.36,0.3,0.488
0.5,3.01,1.11,0.36,0.3,0.4967
0.6,3.01,1.11,0.36,0.3,0.4967
0.7,3.01,1.11,0.36,0.3,0.4967
0.8,3.01,1.11,0.36,0.3,0.4967
0.9,3.01,1.11,0.36,0.3,0.4967
1,3.01,1.11,0.36,0.3,0.4967
1.1,3.01,1.11,0.36,0.3,0.4967
1.2,3.01,1.11,0.36,0.3,0.4967
1.3,3.01,1.11,0.36,0.3,0.4967
1.4,3.01,1.11,0.36,0.3,0.4967
1.5,3.01,1.11,0.36,0.3,0.4967
1.6,3.01,1.11,0.36,0.3,0.4967
1.7,3.01,1.11,0.36,0.3,0.4967
1.8,3.01,1.11,0.36,0.3,0.4967
1.9,3.01,1.11,0.36,0.3,0.4967
2,3.01,1.11,0.36,0.3,0.4967
2.1,3.01,1.11,0.36,0.3,0.4967
2.2,3.01,1.11,0.36,0.3,0.4967
2.3,3.01,1.11,0.36,0.3,0.4967
2.4,3.01,1.11,0.36,0.3,0.4967
2.5,3.01,1.11,0.36,0.3,0.4967
2.6,3.01,1.11,0.36,0.3,0.4967
2.7,3.01,1.11,0.36,0.3,0.4967
2.8,3.01,1.11,0.36,0.3,0.4967
2.9,3.01,1.11,0.36,0.3,0.4967
3,3.01,1.11,0.36,0.3,0.4967
3.1,3.01,1.11,0.36,0.3,0.4967
3.2,3.01,1.11,0.36,0.3,0.4967
3.3,3.01,1.11,0.36,0.3,0.4967
3.4,3.01,1.11,0.36,0.3,0.4967
3.5,3.01,1.11,0.36,0.3,0.4967
3.6,3.01,1.11,0.36,0.3,0.4967
3.7,3.01,1.11,0.36,0.3,0.4967
3.8,3.01,1.11,0.36,0.3,0.4967
3.9,3.01,1.11,0.36,0.3,0.4967
4,3.01,1.11,0.36,0.3,0.4967
4.1,3.01,1.11,0.36,0.3,0.4967
4.2,3.01,1.11,0.36,0.3,0.4967
4.3,3.01,1.11,0.36,0.3,0.4967
4.4,3.01,1.11,0.36,0.3,0.4967
4.5,3.01,1.11,0.36,0.3,0.4967
4.6,3.01,1.11,0.36,0.3,0.4967
4.7,3.01,1.11,0.36,0.3,0.4967
4.8,3.01,1.11,0.36,0.3,0.4967
4.9,3.01,1.11,0.36,0.3,0.4967
5,3.01,1.11,0.36,0.3,0.4967
5.1,3.01,1.11,0.36,0.3,0.4967
5.2,3.01,1.11,0.36,0.3,0.4967
5.3,3.01,1.11,0.36,0.3,0.4967
5.4,3.01,1.11,0.36,0.3,0.4967
5.5,3.01,1.11,0.36,0.3,0.4967
5.6,3.01,1.11,0.36,0.3,0.4967
5.7,3.01,1.11,0.36,0.3,0.4967
5.8,3.01,1.11,0.36,0.3,0.4967
5.9,3.01,1.11,0.36,0.3,0.4967
6,3.01,1.11,0.36,0.3,0.4967
6.1,3.01,1.11,0.36,0.3,0.4967
6.2,3.01,1.11,0.36,0.3,0.4967
6.3,3.01,1.11,0.36,0.3,0.4967
6.4,3.01,1.11,0.36,0.3,0.4967
6.5,3.01,1.11,0.36,0.3,0.4967
6.6,3.01,1.11,0.36,0.3,0.4967
6.7,3.01,1.11,0.36,0.3,0.4967
6.8,3.01,1.11,0.36,0.3,0.4967
6.9,3.01,1.11,0.36,0.3,0.4967
7,3.01,1.11,0.36,0.3,0.4967
7.1,3.01,1.11,0.36,0.3,0.4967
7.2,3.01,1.11,0.36,0.3,0.4967
7.3,3.01,1.11,0.36,0.3,0.4967
7.4,3.01,1.11,0.36,0.3,0.4967
7.5,3.01,1.11,0.36,0.3,0.4967
7.6,3.01,1.11,0.36,0.3,0.4967
7.7,3.01,1.11,0.36,0.3,0.4967
7.8,3.01,1.11,0.36,0.3,0.4967
7.9,3.01,1.11,0.36,0.3,0.4967
8,3.01,1.11,0.36,0.3,0.4967
8.1,3.01,1.11,0.36,0.3,0.4967
8.2,3.01,1.11,0.36,0.3,0.4967
8.3,3.01,1.11,0.36,0.3,0.4967
8.4,3.01,1.11,0.36,0.3,0.4967
8.5,3.01,1.11,0.36,0.3,0.4967
8.6,3.01,1.11,0.36,0.3,0.4967
8.7,3.01,1.11,0.36,0.3,0.4967
8.8,3.01,1.11,0.36,0.3,0.4967
8.9,3.01,1.11,0.36,0.3,0.4967
9,3.01,1.11,0.36,0.3,0.4967
9.1,3.01,1.11,0.36,0.3,0.4967
9.2,3.01,1.11,0.36,0.3,0.4967
9.3,3.01,1.11,0.36,0.3,0.4967
9.4,3.01,1.11,0.36,0.3,0.4967
9.5,3.01,1.11,0.36,0.3,0.4967
9.6,3.01,1.11,0.36,0.3,0.4967
9.7,3.01,1.11,0.36,0.3,0.4967
9.8,3.01,1.11,0.36,0.3,0.4967
9.9,3.01,1.11,0.36,0.3,0.4967
10,3.01,1.11,0.36,0.3,0.4967
10.1,3.01,1.11,0.36,0.3,0.4967
10.2,3.01,1.11,0.36,0.3,0.4967
10.3,3.01,1.11,0.36,0.3,0.4967
10.4,3.01,1.11,0.36,0.3,0.4967
10.5,3.01,1.11,0.36,0.3,0.4967
10.6,3.01,1.11,0.36,0.3,0.4967
10.7,3.01,1.11,0.36,0.3,0.4967
10.8,3.01,1.11,0.36,0.3,0.4967
10.9,3.01,1.11,0.36,0.3,0.4967
11,3.01,1.11,0.36,0.3,0.4967
11.1,3.01,1.11,0.36,0.3,0.4967
11.2,3.01,1.11,0.36,0.3,0.4967
11.3,3.01,1.11,0.36,0.3,0.4967
11.4,3.01,1.11,0.36,0.3,0.4967
11.5,3.01,1.11,0.36,0.3,0.4967
11.6,3.01,1.11,0.36,0.3,0.4967
11.7,3.01,1.11,0.36,0.3,0.4967
11.8,3.01,1.11,0.36,0.3,0.4967
11.9,3.01,1.11,0.36,0.3,0.4967
12,3.01,1.11,0.36,0.3,0.4967
12.1,3.01,1.11,0.36,0.3,0.4967
12.2,3.01,1.11,0.36,0.3,0.4967
12.3,3.01,1.11,0.36,0.3,0.4967
12.4,3.01,1.11,0.36,0.3,0.4967
12.5,3.01,1.11,0.36,0.3,0.4967
12.6,3.01,1.11,0.36,0.3,0.4967
12.7,3.01,1.11,0.36,0.3,0.4967
12.8,3.01,1.11,0.36,0.3,0.4967
12.9,3.01,1.11,0.36,0.3,0.4967
13,3.01,1.11,0.36,0.3,0.4967
13.1,3.01,1.11,0.36,0.3,0.4967
13.2,3.01,1.11,0.36,0.3,0.4967
13.3,3.01,1.11,0.36,0.3,0.4967
13.4,3.01,1.11,0.36,0.3,0.4967
13.5,3.01,1.11,0.36,0.3,0.4967
13.6,3.01,1.11,0.36,0.3,0.4967
13.7,3.01,1.11,0.36,0.3,0.4967
13.8,3.01,1.11,0.36,0.3,0.4967
13.9,3.01,1.11,0.36,0.3,0.4967
14,3.01,1.11,0.36,0.3,0.4967
14.1,3.01,1.11,0.36,0.3,0.4967
14.2,3.01,1.11,0.36,0.3,0.4967
14.3,3.01,1.11,0.36,0.3,0.4967
14.4,3.01,1.11,0.36,0.3,0.4967
14.5,3.01,1.11,0.36,0.3,0.4967
14.6,3.01,1.11,0.36,0.3,0.4967
14.7,3.01,1.11,0.36,0.3,0.4967
14.8,3.01,1.11,0.36,0.3,0.4967
14.9,3.01,1.11,0.36,0.3,0.4967
15,3.01,1.11,0.36,0.3,0.4967
15.1,3.01,1.11,0.36,0.3,0.4967
15.2,3.01,1.11,0.36,0.3,0.4967
15.3,3.01,1.11,0.36,0.3,0.4967
15.4,3.01,1.11,0.36,0.3,0.4967
15.5,3.01,1.11,0.36,0.3,0.4967
15.6,3.01,1.11,0.36,0.3,0.4967
15.7,3.01,1.11,0.36,0.3,0.4967
15.8,3.01,1.11,0.36,0.3,0.4967
15.9,3.01,1.11,0.36,0.3,0.4967
16,3.01,1.11,0.36,0.3,0.4967
16.1,3.01,1.11,0.36,0.3,0.4967
16.2,3.01,1.11,0.36,0.3,0.4967
16.3,3.01,1.11,0.36,0.3,0.4967
16.4,3.01,1.11,0.36,0.3,0.4967
16.5,3.01,1.11,0.36,0.3,0.4967
16.6,3.01,1.11,0.36,0.3,0.4967
16.7,3.01,1.11,0.36,0.3,0.4967
16.8,3.01,1.11,0.36,0.3,0.4967
16.9,3.01,1.11,0.36,0.3,0.4967
17,3.01,1.11,0.36,0.3,0.4967
17.1,3.01,1.11,0.36,0.3,0.4967
17.2,3.01,1.11,0.36,0.3,0.4967
17.3,3.01,1.11,0.36,0.3,0.4967
17.4,3.01,1.11,0.36,0.3,0.4967
17.5,3.01,1.11,0.36,0.3,0.4967
17.6,3.01,1.11,0.36,0.3,0.4967
17.7,3.01,1.11,0.36,0.3,0.4967
17.8,3.01,1.11,0.36,0.3,0.4967
17.9,3.01,1.11,0.36,0.3,0.4967
18,3.01,1.11,0.36,0.3,0.4967
18.1,3.01,1.11,0.36,0.3,0.4967
18.2,3.01,1.11,0.36,0.3,0.4967
18.3,3.01,1.11,0.36,0.3,0.4967
18.4,3.01,1.11,0.36,0.3,0.4967
18.5,3.01,1.11,0.36,0.3,0.4967
18.6,3.01,1.11,0.36,0.3,0.4967
18.7,3.01,1.11,0.36,0.3,0.4967
18.8,3.01,1.11,0.36,0.3,0.4967
18.9,3.01,1.11,0.36,0.3,0.4967
19,3.01,1.11,0.36,0.3,0.4967
19.1,3.01,1.11,0.36,0.3,0.4967
19.2,3.01,1.11,0.36,0.3,0.4967
19.3,3.01,1.11,0.36,0.3,0.4967
19.4,3.01,1.11,0.36,0.3,0.4967
19.5,3.01,1.11,0.36,0.3,0.4967
19.6,3.01,1.11,0.36,0.3,0.4967
19.7,3.01,1.11,0.36,0.3,0.4967
19.8,3.01,1.11,0.36,0.3,0.4967
19.9,3.01,1.11,0.36,0.3,0.4967
20,3.01,1.11,0.36,0.3,0.4967
20.1,3.01,1.11,0.36,0.3,0.4967
20.2,3.01,1.11,0.36,0.3,0.4967
20.3,3.01,1.11,0.36,0.3,0.4967
20.4,3.01,1.11,0.36,0.3,0.4967
20.5,3.01,1.11,0.36,0.3,0.4967
20.6,3.01,1.11,0.36,0.3,0.4967
20.7,3.01,1.11,0.36,0.3,0.4967
20.8,3.01,1.11,0.36,0.3,0.4967
20.9,3.01,1.11,0.36,0.3,0.4967
21,3.01,1.11,0.36,0.3,0.4967
21.1,3.01,1.11,0.36,0.3,0.4967
21.2,3.01,1.11,0.36,0.3,0.4967
21.3,3.01,1.11,0.36,0.3,0.4967
21.4,3.01,1.11,0.36,0.3,0.4967
21.5,3.01,1.11,0.36,0.3,0.4967
21.6,3.01,1.11,0.36,0.3,0.4967
21.7,3.01,1.11,0.36,0.3,0.4967
21.8,3.01,1.11,0.36,0.3,0.4967
21.9,3.01,1.11,0.36,0.3,0.4967
22,3.01,1.11,0.36,0.3,0.4967
22.1,3.01,1.11,0.36,0.3,0.4967
22.2,3.01,1.11,0.36,0.3,0.4967
22.3,3.01,1.11,0.36,0.3,0.4967
